
/*
 * P_ZEIT
 */
drop table dwh.zeit cascade;

create table dwh.zeit (
	z_id int primary key,
	z_datum date not null
);

insert into dwh.zeit (Z_ID,Z_Datum) values (1, date '2008-01-01');
insert into dwh.zeit (Z_ID,Z_Datum) values (2, date '2008-01-02');
insert into dwh.zeit (Z_ID,Z_Datum) values (3, date '2008-01-03');
insert into dwh.zeit (Z_ID,Z_Datum) values (4, date '2008-01-04');
insert into dwh.zeit (Z_ID,Z_Datum) values (5, date '2008-01-05');
insert into dwh.zeit (Z_ID,Z_Datum) values (6, date '2008-01-06');
insert into dwh.zeit (Z_ID,Z_Datum) values (7, date '2008-01-07');
insert into dwh.zeit (Z_ID,Z_Datum) values (8, date '2008-01-08');
insert into dwh.zeit (Z_ID,Z_Datum) values (9, date '2008-01-09');
insert into dwh.zeit (Z_ID,Z_Datum) values (10, date '2008-01-10');
insert into dwh.zeit (Z_ID,Z_Datum) values (11, date '2008-01-11');
insert into dwh.zeit (Z_ID,Z_Datum) values (12, date '2008-01-12');
insert into dwh.zeit (Z_ID,Z_Datum) values (13, date '2008-01-13');
insert into dwh.zeit (Z_ID,Z_Datum) values (14, date '2008-01-14');
insert into dwh.zeit (Z_ID,Z_Datum) values (15, date '2008-01-15');
insert into dwh.zeit (Z_ID,Z_Datum) values (16, date '2008-01-16');
insert into dwh.zeit (Z_ID,Z_Datum) values (17, date '2008-01-17');
insert into dwh.zeit (Z_ID,Z_Datum) values (18, date '2008-01-18');
insert into dwh.zeit (Z_ID,Z_Datum) values (19, date '2008-01-19');
insert into dwh.zeit (Z_ID,Z_Datum) values (20, date '2008-01-20');
insert into dwh.zeit (Z_ID,Z_Datum) values (21, date '2008-01-21');
insert into dwh.zeit (Z_ID,Z_Datum) values (22, date '2008-01-22');
insert into dwh.zeit (Z_ID,Z_Datum) values (23, date '2008-01-23');
insert into dwh.zeit (Z_ID,Z_Datum) values (24, date '2008-01-24');
insert into dwh.zeit (Z_ID,Z_Datum) values (25, date '2008-01-25');
insert into dwh.zeit (Z_ID,Z_Datum) values (26, date '2008-01-26');
insert into dwh.zeit (Z_ID,Z_Datum) values (27, date '2008-01-27');
insert into dwh.zeit (Z_ID,Z_Datum) values (28, date '2008-01-28');
insert into dwh.zeit (Z_ID,Z_Datum) values (29, date '2008-01-29');
insert into dwh.zeit (Z_ID,Z_Datum) values (30, date '2008-01-30');
insert into dwh.zeit (Z_ID,Z_Datum) values (31, date '2008-01-31');
insert into dwh.zeit (Z_ID,Z_Datum) values (32, date '2008-02-01');
insert into dwh.zeit (Z_ID,Z_Datum) values (33, date '2008-02-02');
insert into dwh.zeit (Z_ID,Z_Datum) values (34, date '2008-02-03');
insert into dwh.zeit (Z_ID,Z_Datum) values (35, date '2008-02-04');
insert into dwh.zeit (Z_ID,Z_Datum) values (36, date '2008-02-05');
insert into dwh.zeit (Z_ID,Z_Datum) values (37, date '2008-02-06');
insert into dwh.zeit (Z_ID,Z_Datum) values (38, date '2008-02-07');
insert into dwh.zeit (Z_ID,Z_Datum) values (39, date '2008-02-08');
insert into dwh.zeit (Z_ID,Z_Datum) values (40, date '2008-02-09');
insert into dwh.zeit (Z_ID,Z_Datum) values (41, date '2008-02-10');
insert into dwh.zeit (Z_ID,Z_Datum) values (42, date '2008-02-11');
insert into dwh.zeit (Z_ID,Z_Datum) values (43, date '2008-02-12');
insert into dwh.zeit (Z_ID,Z_Datum) values (44, date '2008-02-13');
insert into dwh.zeit (Z_ID,Z_Datum) values (45, date '2008-02-14');
insert into dwh.zeit (Z_ID,Z_Datum) values (46, date '2008-02-15');
insert into dwh.zeit (Z_ID,Z_Datum) values (47, date '2008-02-16');
insert into dwh.zeit (Z_ID,Z_Datum) values (48, date '2008-02-17');
insert into dwh.zeit (Z_ID,Z_Datum) values (49, date '2008-02-18');
insert into dwh.zeit (Z_ID,Z_Datum) values (50, date '2008-02-19');
insert into dwh.zeit (Z_ID,Z_Datum) values (51, date '2008-02-20');
insert into dwh.zeit (Z_ID,Z_Datum) values (52, date '2008-02-21');
insert into dwh.zeit (Z_ID,Z_Datum) values (53, date '2008-02-22');
insert into dwh.zeit (Z_ID,Z_Datum) values (54, date '2008-02-23');
insert into dwh.zeit (Z_ID,Z_Datum) values (55, date '2008-02-24');
insert into dwh.zeit (Z_ID,Z_Datum) values (56, date '2008-02-25');
insert into dwh.zeit (Z_ID,Z_Datum) values (57, date '2008-02-26');
insert into dwh.zeit (Z_ID,Z_Datum) values (58, date '2008-02-27');
insert into dwh.zeit (Z_ID,Z_Datum) values (59, date '2008-02-28');
insert into dwh.zeit (Z_ID,Z_Datum) values (60, date '2008-02-29');
insert into dwh.zeit (Z_ID,Z_Datum) values (61, date '2008-03-01');
insert into dwh.zeit (Z_ID,Z_Datum) values (62, date '2008-03-02');
insert into dwh.zeit (Z_ID,Z_Datum) values (63, date '2008-03-03');
insert into dwh.zeit (Z_ID,Z_Datum) values (64, date '2008-03-04');
insert into dwh.zeit (Z_ID,Z_Datum) values (65, date '2008-03-05');
insert into dwh.zeit (Z_ID,Z_Datum) values (66, date '2008-03-06');
insert into dwh.zeit (Z_ID,Z_Datum) values (67, date '2008-03-07');
insert into dwh.zeit (Z_ID,Z_Datum) values (68, date '2008-03-08');
insert into dwh.zeit (Z_ID,Z_Datum) values (69, date '2008-03-09');
insert into dwh.zeit (Z_ID,Z_Datum) values (70, date '2008-03-10');
insert into dwh.zeit (Z_ID,Z_Datum) values (71, date '2008-03-11');
insert into dwh.zeit (Z_ID,Z_Datum) values (72, date '2008-03-12');
insert into dwh.zeit (Z_ID,Z_Datum) values (73, date '2008-03-13');
insert into dwh.zeit (Z_ID,Z_Datum) values (74, date '2008-03-14');
insert into dwh.zeit (Z_ID,Z_Datum) values (75, date '2008-03-15');
insert into dwh.zeit (Z_ID,Z_Datum) values (76, date '2008-03-16');
insert into dwh.zeit (Z_ID,Z_Datum) values (77, date '2008-03-17');
insert into dwh.zeit (Z_ID,Z_Datum) values (78, date '2008-03-18');
insert into dwh.zeit (Z_ID,Z_Datum) values (79, date '2008-03-19');
insert into dwh.zeit (Z_ID,Z_Datum) values (80, date '2008-03-20');
insert into dwh.zeit (Z_ID,Z_Datum) values (81, date '2008-03-21');
insert into dwh.zeit (Z_ID,Z_Datum) values (82, date '2008-03-22');
insert into dwh.zeit (Z_ID,Z_Datum) values (83, date '2008-03-23');
insert into dwh.zeit (Z_ID,Z_Datum) values (84, date '2008-03-24');
insert into dwh.zeit (Z_ID,Z_Datum) values (85, date '2008-03-25');
insert into dwh.zeit (Z_ID,Z_Datum) values (86, date '2008-03-26');
insert into dwh.zeit (Z_ID,Z_Datum) values (87, date '2008-03-27');
insert into dwh.zeit (Z_ID,Z_Datum) values (88, date '2008-03-28');
insert into dwh.zeit (Z_ID,Z_Datum) values (89, date '2008-03-29');
insert into dwh.zeit (Z_ID,Z_Datum) values (90, date '2008-03-30');
insert into dwh.zeit (Z_ID,Z_Datum) values (91, date '2008-03-31');
insert into dwh.zeit (Z_ID,Z_Datum) values (92, date '2008-04-01');
insert into dwh.zeit (Z_ID,Z_Datum) values (93, date '2008-04-02');
insert into dwh.zeit (Z_ID,Z_Datum) values (94, date '2008-04-03');
insert into dwh.zeit (Z_ID,Z_Datum) values (95, date '2008-04-04');
insert into dwh.zeit (Z_ID,Z_Datum) values (96, date '2008-04-05');
insert into dwh.zeit (Z_ID,Z_Datum) values (97, date '2008-04-06');
insert into dwh.zeit (Z_ID,Z_Datum) values (98, date '2008-04-07');
insert into dwh.zeit (Z_ID,Z_Datum) values (99, date '2008-04-08');
insert into dwh.zeit (Z_ID,Z_Datum) values (100, date '2008-04-09');
insert into dwh.zeit (Z_ID,Z_Datum) values (101, date '2008-04-10');
insert into dwh.zeit (Z_ID,Z_Datum) values (102, date '2008-04-11');
insert into dwh.zeit (Z_ID,Z_Datum) values (103, date '2008-04-12');
insert into dwh.zeit (Z_ID,Z_Datum) values (104, date '2008-04-13');
insert into dwh.zeit (Z_ID,Z_Datum) values (105, date '2008-04-14');
insert into dwh.zeit (Z_ID,Z_Datum) values (106, date '2008-04-15');
insert into dwh.zeit (Z_ID,Z_Datum) values (107, date '2008-04-16');
insert into dwh.zeit (Z_ID,Z_Datum) values (108, date '2008-04-17');
insert into dwh.zeit (Z_ID,Z_Datum) values (109, date '2008-04-18');
insert into dwh.zeit (Z_ID,Z_Datum) values (110, date '2008-04-19');
insert into dwh.zeit (Z_ID,Z_Datum) values (111, date '2008-04-20');
insert into dwh.zeit (Z_ID,Z_Datum) values (112, date '2008-04-21');
insert into dwh.zeit (Z_ID,Z_Datum) values (113, date '2008-04-22');
insert into dwh.zeit (Z_ID,Z_Datum) values (114, date '2008-04-23');
insert into dwh.zeit (Z_ID,Z_Datum) values (115, date '2008-04-24');
insert into dwh.zeit (Z_ID,Z_Datum) values (116, date '2008-04-25');
insert into dwh.zeit (Z_ID,Z_Datum) values (117, date '2008-04-26');
insert into dwh.zeit (Z_ID,Z_Datum) values (118, date '2008-04-27');
insert into dwh.zeit (Z_ID,Z_Datum) values (119, date '2008-04-28');
insert into dwh.zeit (Z_ID,Z_Datum) values (120, date '2008-04-29');
insert into dwh.zeit (Z_ID,Z_Datum) values (121, date '2008-04-30');
insert into dwh.zeit (Z_ID,Z_Datum) values (122, date '2008-05-01');
insert into dwh.zeit (Z_ID,Z_Datum) values (123, date '2008-05-02');
insert into dwh.zeit (Z_ID,Z_Datum) values (124, date '2008-05-03');
insert into dwh.zeit (Z_ID,Z_Datum) values (125, date '2008-05-04');
insert into dwh.zeit (Z_ID,Z_Datum) values (126, date '2008-05-05');
insert into dwh.zeit (Z_ID,Z_Datum) values (127, date '2008-05-06');
insert into dwh.zeit (Z_ID,Z_Datum) values (128, date '2008-05-07');
insert into dwh.zeit (Z_ID,Z_Datum) values (129, date '2008-05-08');
insert into dwh.zeit (Z_ID,Z_Datum) values (130, date '2008-05-09');
insert into dwh.zeit (Z_ID,Z_Datum) values (131, date '2008-05-10');
insert into dwh.zeit (Z_ID,Z_Datum) values (132, date '2008-05-11');
insert into dwh.zeit (Z_ID,Z_Datum) values (133, date '2008-05-12');
insert into dwh.zeit (Z_ID,Z_Datum) values (134, date '2008-05-13');
insert into dwh.zeit (Z_ID,Z_Datum) values (135, date '2008-05-14');
insert into dwh.zeit (Z_ID,Z_Datum) values (136, date '2008-05-15');
insert into dwh.zeit (Z_ID,Z_Datum) values (137, date '2008-05-16');
insert into dwh.zeit (Z_ID,Z_Datum) values (138, date '2008-05-17');
insert into dwh.zeit (Z_ID,Z_Datum) values (139, date '2008-05-18');
insert into dwh.zeit (Z_ID,Z_Datum) values (140, date '2008-05-19');
insert into dwh.zeit (Z_ID,Z_Datum) values (141, date '2008-05-20');
insert into dwh.zeit (Z_ID,Z_Datum) values (142, date '2008-05-21');
insert into dwh.zeit (Z_ID,Z_Datum) values (143, date '2008-05-22');
insert into dwh.zeit (Z_ID,Z_Datum) values (144, date '2008-05-23');
insert into dwh.zeit (Z_ID,Z_Datum) values (145, date '2008-05-24');
insert into dwh.zeit (Z_ID,Z_Datum) values (146, date '2008-05-25');
insert into dwh.zeit (Z_ID,Z_Datum) values (147, date '2008-05-26');
insert into dwh.zeit (Z_ID,Z_Datum) values (148, date '2008-05-27');
insert into dwh.zeit (Z_ID,Z_Datum) values (149, date '2008-05-28');
insert into dwh.zeit (Z_ID,Z_Datum) values (150, date '2008-05-29');
insert into dwh.zeit (Z_ID,Z_Datum) values (151, date '2008-05-30');
insert into dwh.zeit (Z_ID,Z_Datum) values (152, date '2008-05-31');
insert into dwh.zeit (Z_ID,Z_Datum) values (153, date '2008-06-01');
insert into dwh.zeit (Z_ID,Z_Datum) values (154, date '2008-06-02');
insert into dwh.zeit (Z_ID,Z_Datum) values (155, date '2008-06-03');
insert into dwh.zeit (Z_ID,Z_Datum) values (156, date '2008-06-04');
insert into dwh.zeit (Z_ID,Z_Datum) values (157, date '2008-06-05');
insert into dwh.zeit (Z_ID,Z_Datum) values (158, date '2008-06-06');
insert into dwh.zeit (Z_ID,Z_Datum) values (159, date '2008-06-07');
insert into dwh.zeit (Z_ID,Z_Datum) values (160, date '2008-06-08');
insert into dwh.zeit (Z_ID,Z_Datum) values (161, date '2008-06-09');
insert into dwh.zeit (Z_ID,Z_Datum) values (162, date '2008-06-10');
insert into dwh.zeit (Z_ID,Z_Datum) values (163, date '2008-06-11');
insert into dwh.zeit (Z_ID,Z_Datum) values (164, date '2008-06-12');
insert into dwh.zeit (Z_ID,Z_Datum) values (165, date '2008-06-13');
insert into dwh.zeit (Z_ID,Z_Datum) values (166, date '2008-06-14');
insert into dwh.zeit (Z_ID,Z_Datum) values (167, date '2008-06-15');
insert into dwh.zeit (Z_ID,Z_Datum) values (168, date '2008-06-16');
insert into dwh.zeit (Z_ID,Z_Datum) values (169, date '2008-06-17');
insert into dwh.zeit (Z_ID,Z_Datum) values (170, date '2008-06-18');
insert into dwh.zeit (Z_ID,Z_Datum) values (171, date '2008-06-19');
insert into dwh.zeit (Z_ID,Z_Datum) values (172, date '2008-06-20');
insert into dwh.zeit (Z_ID,Z_Datum) values (173, date '2008-06-21');
insert into dwh.zeit (Z_ID,Z_Datum) values (174, date '2008-06-22');
insert into dwh.zeit (Z_ID,Z_Datum) values (175, date '2008-06-23');
insert into dwh.zeit (Z_ID,Z_Datum) values (176, date '2008-06-24');
insert into dwh.zeit (Z_ID,Z_Datum) values (177, date '2008-06-25');
insert into dwh.zeit (Z_ID,Z_Datum) values (178, date '2008-06-26');
insert into dwh.zeit (Z_ID,Z_Datum) values (179, date '2008-06-27');
insert into dwh.zeit (Z_ID,Z_Datum) values (180, date '2008-06-28');
insert into dwh.zeit (Z_ID,Z_Datum) values (181, date '2008-06-29');
insert into dwh.zeit (Z_ID,Z_Datum) values (182, date '2008-06-30');
insert into dwh.zeit (Z_ID,Z_Datum) values (183, date '2008-07-01');
insert into dwh.zeit (Z_ID,Z_Datum) values (184, date '2008-07-02');
insert into dwh.zeit (Z_ID,Z_Datum) values (185, date '2008-07-03');
insert into dwh.zeit (Z_ID,Z_Datum) values (186, date '2008-07-04');
insert into dwh.zeit (Z_ID,Z_Datum) values (187, date '2008-07-05');
insert into dwh.zeit (Z_ID,Z_Datum) values (188, date '2008-07-06');
insert into dwh.zeit (Z_ID,Z_Datum) values (189, date '2008-07-07');
insert into dwh.zeit (Z_ID,Z_Datum) values (190, date '2008-07-08');
insert into dwh.zeit (Z_ID,Z_Datum) values (191, date '2008-07-09');
insert into dwh.zeit (Z_ID,Z_Datum) values (192, date '2008-07-10');
insert into dwh.zeit (Z_ID,Z_Datum) values (193, date '2008-07-11');
insert into dwh.zeit (Z_ID,Z_Datum) values (194, date '2008-07-12');
insert into dwh.zeit (Z_ID,Z_Datum) values (195, date '2008-07-13');
insert into dwh.zeit (Z_ID,Z_Datum) values (196, date '2008-07-14');
insert into dwh.zeit (Z_ID,Z_Datum) values (197, date '2008-07-15');
insert into dwh.zeit (Z_ID,Z_Datum) values (198, date '2008-07-16');
insert into dwh.zeit (Z_ID,Z_Datum) values (199, date '2008-07-17');
insert into dwh.zeit (Z_ID,Z_Datum) values (200, date '2008-07-18');
insert into dwh.zeit (Z_ID,Z_Datum) values (201, date '2008-07-19');
insert into dwh.zeit (Z_ID,Z_Datum) values (202, date '2008-07-20');
insert into dwh.zeit (Z_ID,Z_Datum) values (203, date '2008-07-21');
insert into dwh.zeit (Z_ID,Z_Datum) values (204, date '2008-07-22');
insert into dwh.zeit (Z_ID,Z_Datum) values (205, date '2008-07-23');
insert into dwh.zeit (Z_ID,Z_Datum) values (206, date '2008-07-24');
insert into dwh.zeit (Z_ID,Z_Datum) values (207, date '2008-07-25');
insert into dwh.zeit (Z_ID,Z_Datum) values (208, date '2008-07-26');
insert into dwh.zeit (Z_ID,Z_Datum) values (209, date '2008-07-27');
insert into dwh.zeit (Z_ID,Z_Datum) values (210, date '2008-07-28');
insert into dwh.zeit (Z_ID,Z_Datum) values (211, date '2008-07-29');
insert into dwh.zeit (Z_ID,Z_Datum) values (212, date '2008-07-30');
insert into dwh.zeit (Z_ID,Z_Datum) values (213, date '2008-07-31');
insert into dwh.zeit (Z_ID,Z_Datum) values (214, date '2008-08-01');
insert into dwh.zeit (Z_ID,Z_Datum) values (215, date '2008-08-02');
insert into dwh.zeit (Z_ID,Z_Datum) values (216, date '2008-08-03');
insert into dwh.zeit (Z_ID,Z_Datum) values (217, date '2008-08-04');
insert into dwh.zeit (Z_ID,Z_Datum) values (218, date '2008-08-05');
insert into dwh.zeit (Z_ID,Z_Datum) values (219, date '2008-08-06');
insert into dwh.zeit (Z_ID,Z_Datum) values (220, date '2008-08-07');
insert into dwh.zeit (Z_ID,Z_Datum) values (221, date '2008-08-08');
insert into dwh.zeit (Z_ID,Z_Datum) values (222, date '2008-08-09');
insert into dwh.zeit (Z_ID,Z_Datum) values (223, date '2008-08-10');
insert into dwh.zeit (Z_ID,Z_Datum) values (224, date '2008-08-11');
insert into dwh.zeit (Z_ID,Z_Datum) values (225, date '2008-08-12');
insert into dwh.zeit (Z_ID,Z_Datum) values (226, date '2008-08-13');
insert into dwh.zeit (Z_ID,Z_Datum) values (227, date '2008-08-14');
insert into dwh.zeit (Z_ID,Z_Datum) values (228, date '2008-08-15');
insert into dwh.zeit (Z_ID,Z_Datum) values (229, date '2008-08-16');
insert into dwh.zeit (Z_ID,Z_Datum) values (230, date '2008-08-17');
insert into dwh.zeit (Z_ID,Z_Datum) values (231, date '2008-08-18');
insert into dwh.zeit (Z_ID,Z_Datum) values (232, date '2008-08-19');
insert into dwh.zeit (Z_ID,Z_Datum) values (233, date '2008-08-20');
insert into dwh.zeit (Z_ID,Z_Datum) values (234, date '2008-08-21');
insert into dwh.zeit (Z_ID,Z_Datum) values (235, date '2008-08-22');
insert into dwh.zeit (Z_ID,Z_Datum) values (236, date '2008-08-23');
insert into dwh.zeit (Z_ID,Z_Datum) values (237, date '2008-08-24');
insert into dwh.zeit (Z_ID,Z_Datum) values (238, date '2008-08-25');
insert into dwh.zeit (Z_ID,Z_Datum) values (239, date '2008-08-26');
insert into dwh.zeit (Z_ID,Z_Datum) values (240, date '2008-08-27');
insert into dwh.zeit (Z_ID,Z_Datum) values (241, date '2008-08-28');
insert into dwh.zeit (Z_ID,Z_Datum) values (242, date '2008-08-29');
insert into dwh.zeit (Z_ID,Z_Datum) values (243, date '2008-08-30');
insert into dwh.zeit (Z_ID,Z_Datum) values (244, date '2008-08-31');
insert into dwh.zeit (Z_ID,Z_Datum) values (245, date '2008-09-01');
insert into dwh.zeit (Z_ID,Z_Datum) values (246, date '2008-09-02');
insert into dwh.zeit (Z_ID,Z_Datum) values (247, date '2008-09-03');
insert into dwh.zeit (Z_ID,Z_Datum) values (248, date '2008-09-04');
insert into dwh.zeit (Z_ID,Z_Datum) values (249, date '2008-09-05');
insert into dwh.zeit (Z_ID,Z_Datum) values (250, date '2008-09-06');
insert into dwh.zeit (Z_ID,Z_Datum) values (251, date '2008-09-07');
insert into dwh.zeit (Z_ID,Z_Datum) values (252, date '2008-09-08');
insert into dwh.zeit (Z_ID,Z_Datum) values (253, date '2008-09-09');
insert into dwh.zeit (Z_ID,Z_Datum) values (254, date '2008-09-10');
insert into dwh.zeit (Z_ID,Z_Datum) values (255, date '2008-09-11');
insert into dwh.zeit (Z_ID,Z_Datum) values (256, date '2008-09-12');
insert into dwh.zeit (Z_ID,Z_Datum) values (257, date '2008-09-13');
insert into dwh.zeit (Z_ID,Z_Datum) values (258, date '2008-09-14');
insert into dwh.zeit (Z_ID,Z_Datum) values (259, date '2008-09-15');
insert into dwh.zeit (Z_ID,Z_Datum) values (260, date '2008-09-16');
insert into dwh.zeit (Z_ID,Z_Datum) values (261, date '2008-09-17');
insert into dwh.zeit (Z_ID,Z_Datum) values (262, date '2008-09-18');
insert into dwh.zeit (Z_ID,Z_Datum) values (263, date '2008-09-19');
insert into dwh.zeit (Z_ID,Z_Datum) values (264, date '2008-09-20');
insert into dwh.zeit (Z_ID,Z_Datum) values (265, date '2008-09-21');
insert into dwh.zeit (Z_ID,Z_Datum) values (266, date '2008-09-22');
insert into dwh.zeit (Z_ID,Z_Datum) values (267, date '2008-09-23');
insert into dwh.zeit (Z_ID,Z_Datum) values (268, date '2008-09-24');
insert into dwh.zeit (Z_ID,Z_Datum) values (269, date '2008-09-25');
insert into dwh.zeit (Z_ID,Z_Datum) values (270, date '2008-09-26');
insert into dwh.zeit (Z_ID,Z_Datum) values (271, date '2008-09-27');
insert into dwh.zeit (Z_ID,Z_Datum) values (272, date '2008-09-28');
insert into dwh.zeit (Z_ID,Z_Datum) values (273, date '2008-09-29');
insert into dwh.zeit (Z_ID,Z_Datum) values (274, date '2008-09-30');
insert into dwh.zeit (Z_ID,Z_Datum) values (275, date '2008-10-01');
insert into dwh.zeit (Z_ID,Z_Datum) values (276, date '2008-10-02');
insert into dwh.zeit (Z_ID,Z_Datum) values (277, date '2008-10-03');
insert into dwh.zeit (Z_ID,Z_Datum) values (278, date '2008-10-04');
insert into dwh.zeit (Z_ID,Z_Datum) values (279, date '2008-10-05');
insert into dwh.zeit (Z_ID,Z_Datum) values (280, date '2008-10-06');
insert into dwh.zeit (Z_ID,Z_Datum) values (281, date '2008-10-07');
insert into dwh.zeit (Z_ID,Z_Datum) values (282, date '2008-10-08');
insert into dwh.zeit (Z_ID,Z_Datum) values (283, date '2008-10-09');
insert into dwh.zeit (Z_ID,Z_Datum) values (284, date '2008-10-10');
insert into dwh.zeit (Z_ID,Z_Datum) values (285, date '2008-10-11');
insert into dwh.zeit (Z_ID,Z_Datum) values (286, date '2008-10-12');
insert into dwh.zeit (Z_ID,Z_Datum) values (287, date '2008-10-13');
insert into dwh.zeit (Z_ID,Z_Datum) values (288, date '2008-10-14');
insert into dwh.zeit (Z_ID,Z_Datum) values (289, date '2008-10-15');
insert into dwh.zeit (Z_ID,Z_Datum) values (290, date '2008-10-16');
insert into dwh.zeit (Z_ID,Z_Datum) values (291, date '2008-10-17');
insert into dwh.zeit (Z_ID,Z_Datum) values (292, date '2008-10-18');
insert into dwh.zeit (Z_ID,Z_Datum) values (293, date '2008-10-19');
insert into dwh.zeit (Z_ID,Z_Datum) values (294, date '2008-10-20');
insert into dwh.zeit (Z_ID,Z_Datum) values (295, date '2008-10-21');
insert into dwh.zeit (Z_ID,Z_Datum) values (296, date '2008-10-22');
insert into dwh.zeit (Z_ID,Z_Datum) values (297, date '2008-10-23');
insert into dwh.zeit (Z_ID,Z_Datum) values (298, date '2008-10-24');
insert into dwh.zeit (Z_ID,Z_Datum) values (299, date '2008-10-25');
insert into dwh.zeit (Z_ID,Z_Datum) values (300, date '2008-10-26');
insert into dwh.zeit (Z_ID,Z_Datum) values (301, date '2008-10-27');
insert into dwh.zeit (Z_ID,Z_Datum) values (302, date '2008-10-28');
insert into dwh.zeit (Z_ID,Z_Datum) values (303, date '2008-10-29');
insert into dwh.zeit (Z_ID,Z_Datum) values (304, date '2008-10-30');
insert into dwh.zeit (Z_ID,Z_Datum) values (305, date '2008-10-31');
insert into dwh.zeit (Z_ID,Z_Datum) values (306, date '2008-11-01');
insert into dwh.zeit (Z_ID,Z_Datum) values (307, date '2008-11-02');
insert into dwh.zeit (Z_ID,Z_Datum) values (308, date '2008-11-03');
insert into dwh.zeit (Z_ID,Z_Datum) values (309, date '2008-11-04');
insert into dwh.zeit (Z_ID,Z_Datum) values (310, date '2008-11-05');
insert into dwh.zeit (Z_ID,Z_Datum) values (311, date '2008-11-06');
insert into dwh.zeit (Z_ID,Z_Datum) values (312, date '2008-11-07');
insert into dwh.zeit (Z_ID,Z_Datum) values (313, date '2008-11-08');
insert into dwh.zeit (Z_ID,Z_Datum) values (314, date '2008-11-09');
insert into dwh.zeit (Z_ID,Z_Datum) values (315, date '2008-11-10');
insert into dwh.zeit (Z_ID,Z_Datum) values (316, date '2008-11-11');
insert into dwh.zeit (Z_ID,Z_Datum) values (317, date '2008-11-12');
insert into dwh.zeit (Z_ID,Z_Datum) values (318, date '2008-11-13');
insert into dwh.zeit (Z_ID,Z_Datum) values (319, date '2008-11-14');
insert into dwh.zeit (Z_ID,Z_Datum) values (320, date '2008-11-15');
insert into dwh.zeit (Z_ID,Z_Datum) values (321, date '2008-11-16');
insert into dwh.zeit (Z_ID,Z_Datum) values (322, date '2008-11-17');
insert into dwh.zeit (Z_ID,Z_Datum) values (323, date '2008-11-18');
insert into dwh.zeit (Z_ID,Z_Datum) values (324, date '2008-11-19');
insert into dwh.zeit (Z_ID,Z_Datum) values (325, date '2008-11-20');
insert into dwh.zeit (Z_ID,Z_Datum) values (326, date '2008-11-21');
insert into dwh.zeit (Z_ID,Z_Datum) values (327, date '2008-11-22');
insert into dwh.zeit (Z_ID,Z_Datum) values (328, date '2008-11-23');
insert into dwh.zeit (Z_ID,Z_Datum) values (329, date '2008-11-24');
insert into dwh.zeit (Z_ID,Z_Datum) values (330, date '2008-11-25');
insert into dwh.zeit (Z_ID,Z_Datum) values (331, date '2008-11-26');
insert into dwh.zeit (Z_ID,Z_Datum) values (332, date '2008-11-27');
insert into dwh.zeit (Z_ID,Z_Datum) values (333, date '2008-11-28');
insert into dwh.zeit (Z_ID,Z_Datum) values (334, date '2008-11-29');
insert into dwh.zeit (Z_ID,Z_Datum) values (335, date '2008-11-30');
insert into dwh.zeit (Z_ID,Z_Datum) values (336, date '2008-12-01');
insert into dwh.zeit (Z_ID,Z_Datum) values (337, date '2008-12-02');
insert into dwh.zeit (Z_ID,Z_Datum) values (338, date '2008-12-03');
insert into dwh.zeit (Z_ID,Z_Datum) values (339, date '2008-12-04');
insert into dwh.zeit (Z_ID,Z_Datum) values (340, date '2008-12-05');
insert into dwh.zeit (Z_ID,Z_Datum) values (341, date '2008-12-06');
insert into dwh.zeit (Z_ID,Z_Datum) values (342, date '2008-12-07');
insert into dwh.zeit (Z_ID,Z_Datum) values (343, date '2008-12-08');
insert into dwh.zeit (Z_ID,Z_Datum) values (344, date '2008-12-09');
insert into dwh.zeit (Z_ID,Z_Datum) values (345, date '2008-12-10');
insert into dwh.zeit (Z_ID,Z_Datum) values (346, date '2008-12-11');
insert into dwh.zeit (Z_ID,Z_Datum) values (347, date '2008-12-12');
insert into dwh.zeit (Z_ID,Z_Datum) values (348, date '2008-12-13');
insert into dwh.zeit (Z_ID,Z_Datum) values (349, date '2008-12-14');
insert into dwh.zeit (Z_ID,Z_Datum) values (350, date '2008-12-15');
insert into dwh.zeit (Z_ID,Z_Datum) values (351, date '2008-12-16');
insert into dwh.zeit (Z_ID,Z_Datum) values (352, date '2008-12-17');
insert into dwh.zeit (Z_ID,Z_Datum) values (353, date '2008-12-18');
insert into dwh.zeit (Z_ID,Z_Datum) values (354, date '2008-12-19');
insert into dwh.zeit (Z_ID,Z_Datum) values (355, date '2008-12-20');
insert into dwh.zeit (Z_ID,Z_Datum) values (356, date '2008-12-21');
insert into dwh.zeit (Z_ID,Z_Datum) values (357, date '2008-12-22');
insert into dwh.zeit (Z_ID,Z_Datum) values (358, date '2008-12-23');
insert into dwh.zeit (Z_ID,Z_Datum) values (359, date '2008-12-24');
insert into dwh.zeit (Z_ID,Z_Datum) values (360, date '2008-12-25');
insert into dwh.zeit (Z_ID,Z_Datum) values (361, date '2008-12-26');
insert into dwh.zeit (Z_ID,Z_Datum) values (362, date '2008-12-27');
insert into dwh.zeit (Z_ID,Z_Datum) values (363, date '2008-12-28');
insert into dwh.zeit (Z_ID,Z_Datum) values (364, date '2008-12-29');
insert into dwh.zeit (Z_ID,Z_Datum) values (365, date '2008-12-30');
insert into dwh.zeit (Z_ID,Z_Datum) values (366, date '2008-12-31');
insert into dwh.zeit (Z_ID,Z_Datum) values (367, date '2009-01-01');
insert into dwh.zeit (Z_ID,Z_Datum) values (368, date '2009-01-02');
insert into dwh.zeit (Z_ID,Z_Datum) values (369, date '2009-01-03');
insert into dwh.zeit (Z_ID,Z_Datum) values (370, date '2009-01-04');
insert into dwh.zeit (Z_ID,Z_Datum) values (371, date '2009-01-05');
insert into dwh.zeit (Z_ID,Z_Datum) values (372, date '2009-01-06');
insert into dwh.zeit (Z_ID,Z_Datum) values (373, date '2009-01-07');
insert into dwh.zeit (Z_ID,Z_Datum) values (374, date '2009-01-08');
insert into dwh.zeit (Z_ID,Z_Datum) values (375, date '2009-01-09');
insert into dwh.zeit (Z_ID,Z_Datum) values (376, date '2009-01-10');
insert into dwh.zeit (Z_ID,Z_Datum) values (377, date '2009-01-11');
insert into dwh.zeit (Z_ID,Z_Datum) values (378, date '2009-01-12');
insert into dwh.zeit (Z_ID,Z_Datum) values (379, date '2009-01-13');
insert into dwh.zeit (Z_ID,Z_Datum) values (380, date '2009-01-14');
insert into dwh.zeit (Z_ID,Z_Datum) values (381, date '2009-01-15');
insert into dwh.zeit (Z_ID,Z_Datum) values (382, date '2009-01-16');
insert into dwh.zeit (Z_ID,Z_Datum) values (383, date '2009-01-17');
insert into dwh.zeit (Z_ID,Z_Datum) values (384, date '2009-01-18');
insert into dwh.zeit (Z_ID,Z_Datum) values (385, date '2009-01-19');
insert into dwh.zeit (Z_ID,Z_Datum) values (386, date '2009-01-20');
insert into dwh.zeit (Z_ID,Z_Datum) values (387, date '2009-01-21');
insert into dwh.zeit (Z_ID,Z_Datum) values (388, date '2009-01-22');
insert into dwh.zeit (Z_ID,Z_Datum) values (389, date '2009-01-23');
insert into dwh.zeit (Z_ID,Z_Datum) values (390, date '2009-01-24');
insert into dwh.zeit (Z_ID,Z_Datum) values (391, date '2009-01-25');
insert into dwh.zeit (Z_ID,Z_Datum) values (392, date '2009-01-26');
insert into dwh.zeit (Z_ID,Z_Datum) values (393, date '2009-01-27');
insert into dwh.zeit (Z_ID,Z_Datum) values (394, date '2009-01-28');
insert into dwh.zeit (Z_ID,Z_Datum) values (395, date '2009-01-29');
insert into dwh.zeit (Z_ID,Z_Datum) values (396, date '2009-01-30');
insert into dwh.zeit (Z_ID,Z_Datum) values (397, date '2009-01-31');
insert into dwh.zeit (Z_ID,Z_Datum) values (398, date '2009-02-01');
insert into dwh.zeit (Z_ID,Z_Datum) values (399, date '2009-02-02');
insert into dwh.zeit (Z_ID,Z_Datum) values (400, date '2009-02-03');
insert into dwh.zeit (Z_ID,Z_Datum) values (401, date '2009-02-04');
insert into dwh.zeit (Z_ID,Z_Datum) values (402, date '2009-02-05');
insert into dwh.zeit (Z_ID,Z_Datum) values (403, date '2009-02-06');
insert into dwh.zeit (Z_ID,Z_Datum) values (404, date '2009-02-07');
insert into dwh.zeit (Z_ID,Z_Datum) values (405, date '2009-02-08');
insert into dwh.zeit (Z_ID,Z_Datum) values (406, date '2009-02-09');
insert into dwh.zeit (Z_ID,Z_Datum) values (407, date '2009-02-10');
insert into dwh.zeit (Z_ID,Z_Datum) values (408, date '2009-02-11');
insert into dwh.zeit (Z_ID,Z_Datum) values (409, date '2009-02-12');
insert into dwh.zeit (Z_ID,Z_Datum) values (410, date '2009-02-13');
insert into dwh.zeit (Z_ID,Z_Datum) values (411, date '2009-02-14');
insert into dwh.zeit (Z_ID,Z_Datum) values (412, date '2009-02-15');
insert into dwh.zeit (Z_ID,Z_Datum) values (413, date '2009-02-16');
insert into dwh.zeit (Z_ID,Z_Datum) values (414, date '2009-02-17');
insert into dwh.zeit (Z_ID,Z_Datum) values (415, date '2009-02-18');
insert into dwh.zeit (Z_ID,Z_Datum) values (416, date '2009-02-19');
insert into dwh.zeit (Z_ID,Z_Datum) values (417, date '2009-02-20');
insert into dwh.zeit (Z_ID,Z_Datum) values (418, date '2009-02-21');
insert into dwh.zeit (Z_ID,Z_Datum) values (419, date '2009-02-22');
insert into dwh.zeit (Z_ID,Z_Datum) values (420, date '2009-02-23');
insert into dwh.zeit (Z_ID,Z_Datum) values (421, date '2009-02-24');
insert into dwh.zeit (Z_ID,Z_Datum) values (422, date '2009-02-25');
insert into dwh.zeit (Z_ID,Z_Datum) values (423, date '2009-02-26');
insert into dwh.zeit (Z_ID,Z_Datum) values (424, date '2009-02-27');
insert into dwh.zeit (Z_ID,Z_Datum) values (425, date '2009-02-28');
insert into dwh.zeit (Z_ID,Z_Datum) values (426, date '2009-03-01');
insert into dwh.zeit (Z_ID,Z_Datum) values (427, date '2009-03-02');
insert into dwh.zeit (Z_ID,Z_Datum) values (428, date '2009-03-03');
insert into dwh.zeit (Z_ID,Z_Datum) values (429, date '2009-03-04');
insert into dwh.zeit (Z_ID,Z_Datum) values (430, date '2009-03-05');
insert into dwh.zeit (Z_ID,Z_Datum) values (431, date '2009-03-06');
insert into dwh.zeit (Z_ID,Z_Datum) values (432, date '2009-03-07');
insert into dwh.zeit (Z_ID,Z_Datum) values (433, date '2009-03-08');
insert into dwh.zeit (Z_ID,Z_Datum) values (434, date '2009-03-09');
insert into dwh.zeit (Z_ID,Z_Datum) values (435, date '2009-03-10');
insert into dwh.zeit (Z_ID,Z_Datum) values (436, date '2009-03-11');
insert into dwh.zeit (Z_ID,Z_Datum) values (437, date '2009-03-12');
insert into dwh.zeit (Z_ID,Z_Datum) values (438, date '2009-03-13');
insert into dwh.zeit (Z_ID,Z_Datum) values (439, date '2009-03-14');
insert into dwh.zeit (Z_ID,Z_Datum) values (440, date '2009-03-15');
insert into dwh.zeit (Z_ID,Z_Datum) values (441, date '2009-03-16');
insert into dwh.zeit (Z_ID,Z_Datum) values (442, date '2009-03-17');
insert into dwh.zeit (Z_ID,Z_Datum) values (443, date '2009-03-18');
insert into dwh.zeit (Z_ID,Z_Datum) values (444, date '2009-03-19');
insert into dwh.zeit (Z_ID,Z_Datum) values (445, date '2009-03-20');
insert into dwh.zeit (Z_ID,Z_Datum) values (446, date '2009-03-21');
insert into dwh.zeit (Z_ID,Z_Datum) values (447, date '2009-03-22');
insert into dwh.zeit (Z_ID,Z_Datum) values (448, date '2009-03-23');
insert into dwh.zeit (Z_ID,Z_Datum) values (449, date '2009-03-24');
insert into dwh.zeit (Z_ID,Z_Datum) values (450, date '2009-03-25');
insert into dwh.zeit (Z_ID,Z_Datum) values (451, date '2009-03-26');
insert into dwh.zeit (Z_ID,Z_Datum) values (452, date '2009-03-27');
insert into dwh.zeit (Z_ID,Z_Datum) values (453, date '2009-03-28');
insert into dwh.zeit (Z_ID,Z_Datum) values (454, date '2009-03-29');
insert into dwh.zeit (Z_ID,Z_Datum) values (455, date '2009-03-30');
insert into dwh.zeit (Z_ID,Z_Datum) values (456, date '2009-03-31');
insert into dwh.zeit (Z_ID,Z_Datum) values (457, date '2009-04-01');
insert into dwh.zeit (Z_ID,Z_Datum) values (458, date '2009-04-02');
insert into dwh.zeit (Z_ID,Z_Datum) values (459, date '2009-04-03');
insert into dwh.zeit (Z_ID,Z_Datum) values (460, date '2009-04-04');
insert into dwh.zeit (Z_ID,Z_Datum) values (461, date '2009-04-05');
insert into dwh.zeit (Z_ID,Z_Datum) values (462, date '2009-04-06');
insert into dwh.zeit (Z_ID,Z_Datum) values (463, date '2009-04-07');
insert into dwh.zeit (Z_ID,Z_Datum) values (464, date '2009-04-08');
insert into dwh.zeit (Z_ID,Z_Datum) values (465, date '2009-04-09');
insert into dwh.zeit (Z_ID,Z_Datum) values (466, date '2009-04-10');
insert into dwh.zeit (Z_ID,Z_Datum) values (467, date '2009-04-11');
insert into dwh.zeit (Z_ID,Z_Datum) values (468, date '2009-04-12');
insert into dwh.zeit (Z_ID,Z_Datum) values (469, date '2009-04-13');
insert into dwh.zeit (Z_ID,Z_Datum) values (470, date '2009-04-14');
insert into dwh.zeit (Z_ID,Z_Datum) values (471, date '2009-04-15');
insert into dwh.zeit (Z_ID,Z_Datum) values (472, date '2009-04-16');
insert into dwh.zeit (Z_ID,Z_Datum) values (473, date '2009-04-17');
insert into dwh.zeit (Z_ID,Z_Datum) values (474, date '2009-04-18');
insert into dwh.zeit (Z_ID,Z_Datum) values (475, date '2009-04-19');
insert into dwh.zeit (Z_ID,Z_Datum) values (476, date '2009-04-20');
insert into dwh.zeit (Z_ID,Z_Datum) values (477, date '2009-04-21');
insert into dwh.zeit (Z_ID,Z_Datum) values (478, date '2009-04-22');
insert into dwh.zeit (Z_ID,Z_Datum) values (479, date '2009-04-23');
insert into dwh.zeit (Z_ID,Z_Datum) values (480, date '2009-04-24');
insert into dwh.zeit (Z_ID,Z_Datum) values (481, date '2009-04-25');
insert into dwh.zeit (Z_ID,Z_Datum) values (482, date '2009-04-26');
insert into dwh.zeit (Z_ID,Z_Datum) values (483, date '2009-04-27');
insert into dwh.zeit (Z_ID,Z_Datum) values (484, date '2009-04-28');
insert into dwh.zeit (Z_ID,Z_Datum) values (485, date '2009-04-29');
insert into dwh.zeit (Z_ID,Z_Datum) values (486, date '2009-04-30');
insert into dwh.zeit (Z_ID,Z_Datum) values (487, date '2009-05-01');
insert into dwh.zeit (Z_ID,Z_Datum) values (488, date '2009-05-02');
insert into dwh.zeit (Z_ID,Z_Datum) values (489, date '2009-05-03');
insert into dwh.zeit (Z_ID,Z_Datum) values (490, date '2009-05-04');
insert into dwh.zeit (Z_ID,Z_Datum) values (491, date '2009-05-05');
insert into dwh.zeit (Z_ID,Z_Datum) values (492, date '2009-05-06');
insert into dwh.zeit (Z_ID,Z_Datum) values (493, date '2009-05-07');
insert into dwh.zeit (Z_ID,Z_Datum) values (494, date '2009-05-08');
insert into dwh.zeit (Z_ID,Z_Datum) values (495, date '2009-05-09');
insert into dwh.zeit (Z_ID,Z_Datum) values (496, date '2009-05-10');
insert into dwh.zeit (Z_ID,Z_Datum) values (497, date '2009-05-11');
insert into dwh.zeit (Z_ID,Z_Datum) values (498, date '2009-05-12');
insert into dwh.zeit (Z_ID,Z_Datum) values (499, date '2009-05-13');
insert into dwh.zeit (Z_ID,Z_Datum) values (500, date '2009-05-14');
insert into dwh.zeit (Z_ID,Z_Datum) values (501, date '2009-05-15');
insert into dwh.zeit (Z_ID,Z_Datum) values (502, date '2009-05-16');
insert into dwh.zeit (Z_ID,Z_Datum) values (503, date '2009-05-17');
insert into dwh.zeit (Z_ID,Z_Datum) values (504, date '2009-05-18');
insert into dwh.zeit (Z_ID,Z_Datum) values (505, date '2009-05-19');
insert into dwh.zeit (Z_ID,Z_Datum) values (506, date '2009-05-20');
insert into dwh.zeit (Z_ID,Z_Datum) values (507, date '2009-05-21');
insert into dwh.zeit (Z_ID,Z_Datum) values (508, date '2009-05-22');
insert into dwh.zeit (Z_ID,Z_Datum) values (509, date '2009-05-23');
insert into dwh.zeit (Z_ID,Z_Datum) values (510, date '2009-05-24');
insert into dwh.zeit (Z_ID,Z_Datum) values (511, date '2009-05-25');
insert into dwh.zeit (Z_ID,Z_Datum) values (512, date '2009-05-26');
insert into dwh.zeit (Z_ID,Z_Datum) values (513, date '2009-05-27');
insert into dwh.zeit (Z_ID,Z_Datum) values (514, date '2009-05-28');
insert into dwh.zeit (Z_ID,Z_Datum) values (515, date '2009-05-29');
insert into dwh.zeit (Z_ID,Z_Datum) values (516, date '2009-05-30');
insert into dwh.zeit (Z_ID,Z_Datum) values (517, date '2009-05-31');
insert into dwh.zeit (Z_ID,Z_Datum) values (518, date '2009-06-01');
insert into dwh.zeit (Z_ID,Z_Datum) values (519, date '2009-06-02');
insert into dwh.zeit (Z_ID,Z_Datum) values (520, date '2009-06-03');
insert into dwh.zeit (Z_ID,Z_Datum) values (521, date '2009-06-04');
insert into dwh.zeit (Z_ID,Z_Datum) values (522, date '2009-06-05');
insert into dwh.zeit (Z_ID,Z_Datum) values (523, date '2009-06-06');
insert into dwh.zeit (Z_ID,Z_Datum) values (524, date '2009-06-07');
insert into dwh.zeit (Z_ID,Z_Datum) values (525, date '2009-06-08');
insert into dwh.zeit (Z_ID,Z_Datum) values (526, date '2009-06-09');
insert into dwh.zeit (Z_ID,Z_Datum) values (527, date '2009-06-10');
insert into dwh.zeit (Z_ID,Z_Datum) values (528, date '2009-06-11');
insert into dwh.zeit (Z_ID,Z_Datum) values (529, date '2009-06-12');
insert into dwh.zeit (Z_ID,Z_Datum) values (530, date '2009-06-13');
insert into dwh.zeit (Z_ID,Z_Datum) values (531, date '2009-06-14');
insert into dwh.zeit (Z_ID,Z_Datum) values (532, date '2009-06-15');
insert into dwh.zeit (Z_ID,Z_Datum) values (533, date '2009-06-16');
insert into dwh.zeit (Z_ID,Z_Datum) values (534, date '2009-06-17');
insert into dwh.zeit (Z_ID,Z_Datum) values (535, date '2009-06-18');
insert into dwh.zeit (Z_ID,Z_Datum) values (536, date '2009-06-19');
insert into dwh.zeit (Z_ID,Z_Datum) values (537, date '2009-06-20');
insert into dwh.zeit (Z_ID,Z_Datum) values (538, date '2009-06-21');
insert into dwh.zeit (Z_ID,Z_Datum) values (539, date '2009-06-22');
insert into dwh.zeit (Z_ID,Z_Datum) values (540, date '2009-06-23');
insert into dwh.zeit (Z_ID,Z_Datum) values (541, date '2009-06-24');
insert into dwh.zeit (Z_ID,Z_Datum) values (542, date '2009-06-25');
insert into dwh.zeit (Z_ID,Z_Datum) values (543, date '2009-06-26');
insert into dwh.zeit (Z_ID,Z_Datum) values (544, date '2009-06-27');
insert into dwh.zeit (Z_ID,Z_Datum) values (545, date '2009-06-28');
insert into dwh.zeit (Z_ID,Z_Datum) values (546, date '2009-06-29');
insert into dwh.zeit (Z_ID,Z_Datum) values (547, date '2009-06-30');
insert into dwh.zeit (Z_ID,Z_Datum) values (548, date '2009-07-01');
insert into dwh.zeit (Z_ID,Z_Datum) values (549, date '2009-07-02');
insert into dwh.zeit (Z_ID,Z_Datum) values (550, date '2009-07-03');
insert into dwh.zeit (Z_ID,Z_Datum) values (551, date '2009-07-04');
insert into dwh.zeit (Z_ID,Z_Datum) values (552, date '2009-07-05');
insert into dwh.zeit (Z_ID,Z_Datum) values (553, date '2009-07-06');
insert into dwh.zeit (Z_ID,Z_Datum) values (554, date '2009-07-07');
insert into dwh.zeit (Z_ID,Z_Datum) values (555, date '2009-07-08');
insert into dwh.zeit (Z_ID,Z_Datum) values (556, date '2009-07-09');
insert into dwh.zeit (Z_ID,Z_Datum) values (557, date '2009-07-10');
insert into dwh.zeit (Z_ID,Z_Datum) values (558, date '2009-07-11');
insert into dwh.zeit (Z_ID,Z_Datum) values (559, date '2009-07-12');
insert into dwh.zeit (Z_ID,Z_Datum) values (560, date '2009-07-13');
insert into dwh.zeit (Z_ID,Z_Datum) values (561, date '2009-07-14');
insert into dwh.zeit (Z_ID,Z_Datum) values (562, date '2009-07-15');
insert into dwh.zeit (Z_ID,Z_Datum) values (563, date '2009-07-16');
insert into dwh.zeit (Z_ID,Z_Datum) values (564, date '2009-07-17');
insert into dwh.zeit (Z_ID,Z_Datum) values (565, date '2009-07-18');
insert into dwh.zeit (Z_ID,Z_Datum) values (566, date '2009-07-19');
insert into dwh.zeit (Z_ID,Z_Datum) values (567, date '2009-07-20');
insert into dwh.zeit (Z_ID,Z_Datum) values (568, date '2009-07-21');
insert into dwh.zeit (Z_ID,Z_Datum) values (569, date '2009-07-22');
insert into dwh.zeit (Z_ID,Z_Datum) values (570, date '2009-07-23');
insert into dwh.zeit (Z_ID,Z_Datum) values (571, date '2009-07-24');
insert into dwh.zeit (Z_ID,Z_Datum) values (572, date '2009-07-25');
insert into dwh.zeit (Z_ID,Z_Datum) values (573, date '2009-07-26');
insert into dwh.zeit (Z_ID,Z_Datum) values (574, date '2009-07-27');
insert into dwh.zeit (Z_ID,Z_Datum) values (575, date '2009-07-28');
insert into dwh.zeit (Z_ID,Z_Datum) values (576, date '2009-07-29');
insert into dwh.zeit (Z_ID,Z_Datum) values (577, date '2009-07-30');
insert into dwh.zeit (Z_ID,Z_Datum) values (578, date '2009-07-31');
insert into dwh.zeit (Z_ID,Z_Datum) values (579, date '2009-08-01');
insert into dwh.zeit (Z_ID,Z_Datum) values (580, date '2009-08-02');
insert into dwh.zeit (Z_ID,Z_Datum) values (581, date '2009-08-03');
insert into dwh.zeit (Z_ID,Z_Datum) values (582, date '2009-08-04');
insert into dwh.zeit (Z_ID,Z_Datum) values (583, date '2009-08-05');
insert into dwh.zeit (Z_ID,Z_Datum) values (584, date '2009-08-06');
insert into dwh.zeit (Z_ID,Z_Datum) values (585, date '2009-08-07');
insert into dwh.zeit (Z_ID,Z_Datum) values (586, date '2009-08-08');
insert into dwh.zeit (Z_ID,Z_Datum) values (587, date '2009-08-09');
insert into dwh.zeit (Z_ID,Z_Datum) values (588, date '2009-08-10');
insert into dwh.zeit (Z_ID,Z_Datum) values (589, date '2009-08-11');
insert into dwh.zeit (Z_ID,Z_Datum) values (590, date '2009-08-12');
insert into dwh.zeit (Z_ID,Z_Datum) values (591, date '2009-08-13');
insert into dwh.zeit (Z_ID,Z_Datum) values (592, date '2009-08-14');
insert into dwh.zeit (Z_ID,Z_Datum) values (593, date '2009-08-15');
insert into dwh.zeit (Z_ID,Z_Datum) values (594, date '2009-08-16');
insert into dwh.zeit (Z_ID,Z_Datum) values (595, date '2009-08-17');
insert into dwh.zeit (Z_ID,Z_Datum) values (596, date '2009-08-18');
insert into dwh.zeit (Z_ID,Z_Datum) values (597, date '2009-08-19');
insert into dwh.zeit (Z_ID,Z_Datum) values (598, date '2009-08-20');
insert into dwh.zeit (Z_ID,Z_Datum) values (599, date '2009-08-21');
insert into dwh.zeit (Z_ID,Z_Datum) values (600, date '2009-08-22');
insert into dwh.zeit (Z_ID,Z_Datum) values (601, date '2009-08-23');
insert into dwh.zeit (Z_ID,Z_Datum) values (602, date '2009-08-24');
insert into dwh.zeit (Z_ID,Z_Datum) values (603, date '2009-08-25');
insert into dwh.zeit (Z_ID,Z_Datum) values (604, date '2009-08-26');
insert into dwh.zeit (Z_ID,Z_Datum) values (605, date '2009-08-27');
insert into dwh.zeit (Z_ID,Z_Datum) values (606, date '2009-08-28');
insert into dwh.zeit (Z_ID,Z_Datum) values (607, date '2009-08-29');
insert into dwh.zeit (Z_ID,Z_Datum) values (608, date '2009-08-30');
insert into dwh.zeit (Z_ID,Z_Datum) values (609, date '2009-08-31');
insert into dwh.zeit (Z_ID,Z_Datum) values (610, date '2009-09-01');
insert into dwh.zeit (Z_ID,Z_Datum) values (611, date '2009-09-02');
insert into dwh.zeit (Z_ID,Z_Datum) values (612, date '2009-09-03');
insert into dwh.zeit (Z_ID,Z_Datum) values (613, date '2009-09-04');
insert into dwh.zeit (Z_ID,Z_Datum) values (614, date '2009-09-05');
insert into dwh.zeit (Z_ID,Z_Datum) values (615, date '2009-09-06');
insert into dwh.zeit (Z_ID,Z_Datum) values (616, date '2009-09-07');
insert into dwh.zeit (Z_ID,Z_Datum) values (617, date '2009-09-08');
insert into dwh.zeit (Z_ID,Z_Datum) values (618, date '2009-09-09');
insert into dwh.zeit (Z_ID,Z_Datum) values (619, date '2009-09-10');
insert into dwh.zeit (Z_ID,Z_Datum) values (620, date '2009-09-11');
insert into dwh.zeit (Z_ID,Z_Datum) values (621, date '2009-09-12');
insert into dwh.zeit (Z_ID,Z_Datum) values (622, date '2009-09-13');
insert into dwh.zeit (Z_ID,Z_Datum) values (623, date '2009-09-14');
insert into dwh.zeit (Z_ID,Z_Datum) values (624, date '2009-09-15');
insert into dwh.zeit (Z_ID,Z_Datum) values (625, date '2009-09-16');
insert into dwh.zeit (Z_ID,Z_Datum) values (626, date '2009-09-17');
insert into dwh.zeit (Z_ID,Z_Datum) values (627, date '2009-09-18');
insert into dwh.zeit (Z_ID,Z_Datum) values (628, date '2009-09-19');
insert into dwh.zeit (Z_ID,Z_Datum) values (629, date '2009-09-20');
insert into dwh.zeit (Z_ID,Z_Datum) values (630, date '2009-09-21');
insert into dwh.zeit (Z_ID,Z_Datum) values (631, date '2009-09-22');
insert into dwh.zeit (Z_ID,Z_Datum) values (632, date '2009-09-23');
insert into dwh.zeit (Z_ID,Z_Datum) values (633, date '2009-09-24');
insert into dwh.zeit (Z_ID,Z_Datum) values (634, date '2009-09-25');
insert into dwh.zeit (Z_ID,Z_Datum) values (635, date '2009-09-26');
insert into dwh.zeit (Z_ID,Z_Datum) values (636, date '2009-09-27');
insert into dwh.zeit (Z_ID,Z_Datum) values (637, date '2009-09-28');
insert into dwh.zeit (Z_ID,Z_Datum) values (638, date '2009-09-29');
insert into dwh.zeit (Z_ID,Z_Datum) values (639, date '2009-09-30');
insert into dwh.zeit (Z_ID,Z_Datum) values (640, date '2009-10-01');
insert into dwh.zeit (Z_ID,Z_Datum) values (641, date '2009-10-02');
insert into dwh.zeit (Z_ID,Z_Datum) values (642, date '2009-10-03');
insert into dwh.zeit (Z_ID,Z_Datum) values (643, date '2009-10-04');
insert into dwh.zeit (Z_ID,Z_Datum) values (644, date '2009-10-05');
insert into dwh.zeit (Z_ID,Z_Datum) values (645, date '2009-10-06');
insert into dwh.zeit (Z_ID,Z_Datum) values (646, date '2009-10-07');
insert into dwh.zeit (Z_ID,Z_Datum) values (647, date '2009-10-08');
insert into dwh.zeit (Z_ID,Z_Datum) values (648, date '2009-10-09');
insert into dwh.zeit (Z_ID,Z_Datum) values (649, date '2009-10-10');
insert into dwh.zeit (Z_ID,Z_Datum) values (650, date '2009-10-11');
insert into dwh.zeit (Z_ID,Z_Datum) values (651, date '2009-10-12');
insert into dwh.zeit (Z_ID,Z_Datum) values (652, date '2009-10-13');
insert into dwh.zeit (Z_ID,Z_Datum) values (653, date '2009-10-14');
insert into dwh.zeit (Z_ID,Z_Datum) values (654, date '2009-10-15');
insert into dwh.zeit (Z_ID,Z_Datum) values (655, date '2009-10-16');
insert into dwh.zeit (Z_ID,Z_Datum) values (656, date '2009-10-17');
insert into dwh.zeit (Z_ID,Z_Datum) values (657, date '2009-10-18');
insert into dwh.zeit (Z_ID,Z_Datum) values (658, date '2009-10-19');
insert into dwh.zeit (Z_ID,Z_Datum) values (659, date '2009-10-20');
insert into dwh.zeit (Z_ID,Z_Datum) values (660, date '2009-10-21');
insert into dwh.zeit (Z_ID,Z_Datum) values (661, date '2009-10-22');
insert into dwh.zeit (Z_ID,Z_Datum) values (662, date '2009-10-23');
insert into dwh.zeit (Z_ID,Z_Datum) values (663, date '2009-10-24');
insert into dwh.zeit (Z_ID,Z_Datum) values (664, date '2009-10-25');
insert into dwh.zeit (Z_ID,Z_Datum) values (665, date '2009-10-26');
insert into dwh.zeit (Z_ID,Z_Datum) values (666, date '2009-10-27');
insert into dwh.zeit (Z_ID,Z_Datum) values (667, date '2009-10-28');
insert into dwh.zeit (Z_ID,Z_Datum) values (668, date '2009-10-29');
insert into dwh.zeit (Z_ID,Z_Datum) values (669, date '2009-10-30');
insert into dwh.zeit (Z_ID,Z_Datum) values (670, date '2009-10-31');
insert into dwh.zeit (Z_ID,Z_Datum) values (671, date '2009-11-01');
insert into dwh.zeit (Z_ID,Z_Datum) values (672, date '2009-11-02');
insert into dwh.zeit (Z_ID,Z_Datum) values (673, date '2009-11-03');
insert into dwh.zeit (Z_ID,Z_Datum) values (674, date '2009-11-04');
insert into dwh.zeit (Z_ID,Z_Datum) values (675, date '2009-11-05');
insert into dwh.zeit (Z_ID,Z_Datum) values (676, date '2009-11-06');
insert into dwh.zeit (Z_ID,Z_Datum) values (677, date '2009-11-07');
insert into dwh.zeit (Z_ID,Z_Datum) values (678, date '2009-11-08');
insert into dwh.zeit (Z_ID,Z_Datum) values (679, date '2009-11-09');
insert into dwh.zeit (Z_ID,Z_Datum) values (680, date '2009-11-10');
insert into dwh.zeit (Z_ID,Z_Datum) values (681, date '2009-11-11');
insert into dwh.zeit (Z_ID,Z_Datum) values (682, date '2009-11-12');
insert into dwh.zeit (Z_ID,Z_Datum) values (683, date '2009-11-13');
insert into dwh.zeit (Z_ID,Z_Datum) values (684, date '2009-11-14');
insert into dwh.zeit (Z_ID,Z_Datum) values (685, date '2009-11-15');
insert into dwh.zeit (Z_ID,Z_Datum) values (686, date '2009-11-16');
insert into dwh.zeit (Z_ID,Z_Datum) values (687, date '2009-11-17');
insert into dwh.zeit (Z_ID,Z_Datum) values (688, date '2009-11-18');
insert into dwh.zeit (Z_ID,Z_Datum) values (689, date '2009-11-19');
insert into dwh.zeit (Z_ID,Z_Datum) values (690, date '2009-11-20');
insert into dwh.zeit (Z_ID,Z_Datum) values (691, date '2009-11-21');
insert into dwh.zeit (Z_ID,Z_Datum) values (692, date '2009-11-22');
insert into dwh.zeit (Z_ID,Z_Datum) values (693, date '2009-11-23');
insert into dwh.zeit (Z_ID,Z_Datum) values (694, date '2009-11-24');
insert into dwh.zeit (Z_ID,Z_Datum) values (695, date '2009-11-25');
insert into dwh.zeit (Z_ID,Z_Datum) values (696, date '2009-11-26');
insert into dwh.zeit (Z_ID,Z_Datum) values (697, date '2009-11-27');
insert into dwh.zeit (Z_ID,Z_Datum) values (698, date '2009-11-28');
insert into dwh.zeit (Z_ID,Z_Datum) values (699, date '2009-11-29');
insert into dwh.zeit (Z_ID,Z_Datum) values (700, date '2009-11-30');
insert into dwh.zeit (Z_ID,Z_Datum) values (701, date '2009-12-01');
insert into dwh.zeit (Z_ID,Z_Datum) values (702, date '2009-12-02');
insert into dwh.zeit (Z_ID,Z_Datum) values (703, date '2009-12-03');
insert into dwh.zeit (Z_ID,Z_Datum) values (704, date '2009-12-04');
insert into dwh.zeit (Z_ID,Z_Datum) values (705, date '2009-12-05');
insert into dwh.zeit (Z_ID,Z_Datum) values (706, date '2009-12-06');
insert into dwh.zeit (Z_ID,Z_Datum) values (707, date '2009-12-07');
insert into dwh.zeit (Z_ID,Z_Datum) values (708, date '2009-12-08');
insert into dwh.zeit (Z_ID,Z_Datum) values (709, date '2009-12-09');
insert into dwh.zeit (Z_ID,Z_Datum) values (710, date '2009-12-10');
insert into dwh.zeit (Z_ID,Z_Datum) values (711, date '2009-12-11');
insert into dwh.zeit (Z_ID,Z_Datum) values (712, date '2009-12-12');
insert into dwh.zeit (Z_ID,Z_Datum) values (713, date '2009-12-13');
insert into dwh.zeit (Z_ID,Z_Datum) values (714, date '2009-12-14');
insert into dwh.zeit (Z_ID,Z_Datum) values (715, date '2009-12-15');
insert into dwh.zeit (Z_ID,Z_Datum) values (716, date '2009-12-16');
insert into dwh.zeit (Z_ID,Z_Datum) values (717, date '2009-12-17');
insert into dwh.zeit (Z_ID,Z_Datum) values (718, date '2009-12-18');
insert into dwh.zeit (Z_ID,Z_Datum) values (719, date '2009-12-19');
insert into dwh.zeit (Z_ID,Z_Datum) values (720, date '2009-12-20');
insert into dwh.zeit (Z_ID,Z_Datum) values (721, date '2009-12-21');
insert into dwh.zeit (Z_ID,Z_Datum) values (722, date '2009-12-22');
insert into dwh.zeit (Z_ID,Z_Datum) values (723, date '2009-12-23');
insert into dwh.zeit (Z_ID,Z_Datum) values (724, date '2009-12-24');
insert into dwh.zeit (Z_ID,Z_Datum) values (725, date '2009-12-25');
insert into dwh.zeit (Z_ID,Z_Datum) values (726, date '2009-12-26');
insert into dwh.zeit (Z_ID,Z_Datum) values (727, date '2009-12-27');
insert into dwh.zeit (Z_ID,Z_Datum) values (728, date '2009-12-28');
insert into dwh.zeit (Z_ID,Z_Datum) values (729, date '2009-12-29');
insert into dwh.zeit (Z_ID,Z_Datum) values (730, date '2009-12-30');
insert into dwh.zeit (Z_ID,Z_Datum) values (731, date '2009-12-31');
insert into dwh.zeit (Z_ID,Z_Datum) values (732, date '2010-01-01');
insert into dwh.zeit (Z_ID,Z_Datum) values (733, date '2010-01-02');
insert into dwh.zeit (Z_ID,Z_Datum) values (734, date '2010-01-03');
insert into dwh.zeit (Z_ID,Z_Datum) values (735, date '2010-01-04');
insert into dwh.zeit (Z_ID,Z_Datum) values (736, date '2010-01-05');
insert into dwh.zeit (Z_ID,Z_Datum) values (737, date '2010-01-06');
insert into dwh.zeit (Z_ID,Z_Datum) values (738, date '2010-01-07');
insert into dwh.zeit (Z_ID,Z_Datum) values (739, date '2010-01-08');
insert into dwh.zeit (Z_ID,Z_Datum) values (740, date '2010-01-09');
insert into dwh.zeit (Z_ID,Z_Datum) values (741, date '2010-01-10');
insert into dwh.zeit (Z_ID,Z_Datum) values (742, date '2010-01-11');
insert into dwh.zeit (Z_ID,Z_Datum) values (743, date '2010-01-12');
insert into dwh.zeit (Z_ID,Z_Datum) values (744, date '2010-01-13');
insert into dwh.zeit (Z_ID,Z_Datum) values (745, date '2010-01-14');
insert into dwh.zeit (Z_ID,Z_Datum) values (746, date '2010-01-15');
insert into dwh.zeit (Z_ID,Z_Datum) values (747, date '2010-01-16');
insert into dwh.zeit (Z_ID,Z_Datum) values (748, date '2010-01-17');
insert into dwh.zeit (Z_ID,Z_Datum) values (749, date '2010-01-18');
insert into dwh.zeit (Z_ID,Z_Datum) values (750, date '2010-01-19');
insert into dwh.zeit (Z_ID,Z_Datum) values (751, date '2010-01-20');
insert into dwh.zeit (Z_ID,Z_Datum) values (752, date '2010-01-21');
insert into dwh.zeit (Z_ID,Z_Datum) values (753, date '2010-01-22');
insert into dwh.zeit (Z_ID,Z_Datum) values (754, date '2010-01-23');
insert into dwh.zeit (Z_ID,Z_Datum) values (755, date '2010-01-24');
insert into dwh.zeit (Z_ID,Z_Datum) values (756, date '2010-01-25');
insert into dwh.zeit (Z_ID,Z_Datum) values (757, date '2010-01-26');
insert into dwh.zeit (Z_ID,Z_Datum) values (758, date '2010-01-27');
insert into dwh.zeit (Z_ID,Z_Datum) values (759, date '2010-01-28');
insert into dwh.zeit (Z_ID,Z_Datum) values (760, date '2010-01-29');
insert into dwh.zeit (Z_ID,Z_Datum) values (761, date '2010-01-30');
insert into dwh.zeit (Z_ID,Z_Datum) values (762, date '2010-01-31');
insert into dwh.zeit (Z_ID,Z_Datum) values (763, date '2010-02-01');
insert into dwh.zeit (Z_ID,Z_Datum) values (764, date '2010-02-02');
insert into dwh.zeit (Z_ID,Z_Datum) values (765, date '2010-02-03');
insert into dwh.zeit (Z_ID,Z_Datum) values (766, date '2010-02-04');
insert into dwh.zeit (Z_ID,Z_Datum) values (767, date '2010-02-05');
insert into dwh.zeit (Z_ID,Z_Datum) values (768, date '2010-02-06');
insert into dwh.zeit (Z_ID,Z_Datum) values (769, date '2010-02-07');
insert into dwh.zeit (Z_ID,Z_Datum) values (770, date '2010-02-08');
insert into dwh.zeit (Z_ID,Z_Datum) values (771, date '2010-02-09');
insert into dwh.zeit (Z_ID,Z_Datum) values (772, date '2010-02-10');
insert into dwh.zeit (Z_ID,Z_Datum) values (773, date '2010-02-11');
insert into dwh.zeit (Z_ID,Z_Datum) values (774, date '2010-02-12');
insert into dwh.zeit (Z_ID,Z_Datum) values (775, date '2010-02-13');
insert into dwh.zeit (Z_ID,Z_Datum) values (776, date '2010-02-14');
insert into dwh.zeit (Z_ID,Z_Datum) values (777, date '2010-02-15');
insert into dwh.zeit (Z_ID,Z_Datum) values (778, date '2010-02-16');
insert into dwh.zeit (Z_ID,Z_Datum) values (779, date '2010-02-17');
insert into dwh.zeit (Z_ID,Z_Datum) values (780, date '2010-02-18');
insert into dwh.zeit (Z_ID,Z_Datum) values (781, date '2010-02-19');
insert into dwh.zeit (Z_ID,Z_Datum) values (782, date '2010-02-20');
insert into dwh.zeit (Z_ID,Z_Datum) values (783, date '2010-02-21');
insert into dwh.zeit (Z_ID,Z_Datum) values (784, date '2010-02-22');
insert into dwh.zeit (Z_ID,Z_Datum) values (785, date '2010-02-23');
insert into dwh.zeit (Z_ID,Z_Datum) values (786, date '2010-02-24');
insert into dwh.zeit (Z_ID,Z_Datum) values (787, date '2010-02-25');
insert into dwh.zeit (Z_ID,Z_Datum) values (788, date '2010-02-26');
insert into dwh.zeit (Z_ID,Z_Datum) values (789, date '2010-02-27');
insert into dwh.zeit (Z_ID,Z_Datum) values (790, date '2010-02-28');
insert into dwh.zeit (Z_ID,Z_Datum) values (791, date '2010-03-01');
insert into dwh.zeit (Z_ID,Z_Datum) values (792, date '2010-03-02');
insert into dwh.zeit (Z_ID,Z_Datum) values (793, date '2010-03-03');
insert into dwh.zeit (Z_ID,Z_Datum) values (794, date '2010-03-04');
insert into dwh.zeit (Z_ID,Z_Datum) values (795, date '2010-03-05');
insert into dwh.zeit (Z_ID,Z_Datum) values (796, date '2010-03-06');
insert into dwh.zeit (Z_ID,Z_Datum) values (797, date '2010-03-07');
insert into dwh.zeit (Z_ID,Z_Datum) values (798, date '2010-03-08');
insert into dwh.zeit (Z_ID,Z_Datum) values (799, date '2010-03-09');
insert into dwh.zeit (Z_ID,Z_Datum) values (800, date '2010-03-10');
insert into dwh.zeit (Z_ID,Z_Datum) values (801, date '2010-03-11');
insert into dwh.zeit (Z_ID,Z_Datum) values (802, date '2010-03-12');
insert into dwh.zeit (Z_ID,Z_Datum) values (803, date '2010-03-13');
insert into dwh.zeit (Z_ID,Z_Datum) values (804, date '2010-03-14');
insert into dwh.zeit (Z_ID,Z_Datum) values (805, date '2010-03-15');
insert into dwh.zeit (Z_ID,Z_Datum) values (806, date '2010-03-16');
insert into dwh.zeit (Z_ID,Z_Datum) values (807, date '2010-03-17');
insert into dwh.zeit (Z_ID,Z_Datum) values (808, date '2010-03-18');
insert into dwh.zeit (Z_ID,Z_Datum) values (809, date '2010-03-19');
insert into dwh.zeit (Z_ID,Z_Datum) values (810, date '2010-03-20');
insert into dwh.zeit (Z_ID,Z_Datum) values (811, date '2010-03-21');
insert into dwh.zeit (Z_ID,Z_Datum) values (812, date '2010-03-22');
insert into dwh.zeit (Z_ID,Z_Datum) values (813, date '2010-03-23');
insert into dwh.zeit (Z_ID,Z_Datum) values (814, date '2010-03-24');
insert into dwh.zeit (Z_ID,Z_Datum) values (815, date '2010-03-25');
insert into dwh.zeit (Z_ID,Z_Datum) values (816, date '2010-03-26');
insert into dwh.zeit (Z_ID,Z_Datum) values (817, date '2010-03-27');
insert into dwh.zeit (Z_ID,Z_Datum) values (818, date '2010-03-28');
insert into dwh.zeit (Z_ID,Z_Datum) values (819, date '2010-03-29');
insert into dwh.zeit (Z_ID,Z_Datum) values (820, date '2010-03-30');
insert into dwh.zeit (Z_ID,Z_Datum) values (821, date '2010-03-31');
insert into dwh.zeit (Z_ID,Z_Datum) values (822, date '2010-04-01');
insert into dwh.zeit (Z_ID,Z_Datum) values (823, date '2010-04-02');
insert into dwh.zeit (Z_ID,Z_Datum) values (824, date '2010-04-03');
insert into dwh.zeit (Z_ID,Z_Datum) values (825, date '2010-04-04');
insert into dwh.zeit (Z_ID,Z_Datum) values (826, date '2010-04-05');
insert into dwh.zeit (Z_ID,Z_Datum) values (827, date '2010-04-06');
insert into dwh.zeit (Z_ID,Z_Datum) values (828, date '2010-04-07');
insert into dwh.zeit (Z_ID,Z_Datum) values (829, date '2010-04-08');
insert into dwh.zeit (Z_ID,Z_Datum) values (830, date '2010-04-09');
insert into dwh.zeit (Z_ID,Z_Datum) values (831, date '2010-04-10');
insert into dwh.zeit (Z_ID,Z_Datum) values (832, date '2010-04-11');
insert into dwh.zeit (Z_ID,Z_Datum) values (833, date '2010-04-12');
insert into dwh.zeit (Z_ID,Z_Datum) values (834, date '2010-04-13');
insert into dwh.zeit (Z_ID,Z_Datum) values (835, date '2010-04-14');
insert into dwh.zeit (Z_ID,Z_Datum) values (836, date '2010-04-15');
insert into dwh.zeit (Z_ID,Z_Datum) values (837, date '2010-04-16');
insert into dwh.zeit (Z_ID,Z_Datum) values (838, date '2010-04-17');
insert into dwh.zeit (Z_ID,Z_Datum) values (839, date '2010-04-18');
insert into dwh.zeit (Z_ID,Z_Datum) values (840, date '2010-04-19');
insert into dwh.zeit (Z_ID,Z_Datum) values (841, date '2010-04-20');
insert into dwh.zeit (Z_ID,Z_Datum) values (842, date '2010-04-21');
insert into dwh.zeit (Z_ID,Z_Datum) values (843, date '2010-04-22');
insert into dwh.zeit (Z_ID,Z_Datum) values (844, date '2010-04-23');
insert into dwh.zeit (Z_ID,Z_Datum) values (845, date '2010-04-24');
insert into dwh.zeit (Z_ID,Z_Datum) values (846, date '2010-04-25');
insert into dwh.zeit (Z_ID,Z_Datum) values (847, date '2010-04-26');
insert into dwh.zeit (Z_ID,Z_Datum) values (848, date '2010-04-27');
insert into dwh.zeit (Z_ID,Z_Datum) values (849, date '2010-04-28');
insert into dwh.zeit (Z_ID,Z_Datum) values (850, date '2010-04-29');
insert into dwh.zeit (Z_ID,Z_Datum) values (851, date '2010-04-30');
insert into dwh.zeit (Z_ID,Z_Datum) values (852, date '2010-05-01');
insert into dwh.zeit (Z_ID,Z_Datum) values (853, date '2010-05-02');
insert into dwh.zeit (Z_ID,Z_Datum) values (854, date '2010-05-03');
insert into dwh.zeit (Z_ID,Z_Datum) values (855, date '2010-05-04');
insert into dwh.zeit (Z_ID,Z_Datum) values (856, date '2010-05-05');
insert into dwh.zeit (Z_ID,Z_Datum) values (857, date '2010-05-06');
insert into dwh.zeit (Z_ID,Z_Datum) values (858, date '2010-05-07');
insert into dwh.zeit (Z_ID,Z_Datum) values (859, date '2010-05-08');
insert into dwh.zeit (Z_ID,Z_Datum) values (860, date '2010-05-09');
insert into dwh.zeit (Z_ID,Z_Datum) values (861, date '2010-05-10');
insert into dwh.zeit (Z_ID,Z_Datum) values (862, date '2010-05-11');
insert into dwh.zeit (Z_ID,Z_Datum) values (863, date '2010-05-12');
insert into dwh.zeit (Z_ID,Z_Datum) values (864, date '2010-05-13');
insert into dwh.zeit (Z_ID,Z_Datum) values (865, date '2010-05-14');
insert into dwh.zeit (Z_ID,Z_Datum) values (866, date '2010-05-15');
insert into dwh.zeit (Z_ID,Z_Datum) values (867, date '2010-05-16');
insert into dwh.zeit (Z_ID,Z_Datum) values (868, date '2010-05-17');
insert into dwh.zeit (Z_ID,Z_Datum) values (869, date '2010-05-18');
insert into dwh.zeit (Z_ID,Z_Datum) values (870, date '2010-05-19');
insert into dwh.zeit (Z_ID,Z_Datum) values (871, date '2010-05-20');
insert into dwh.zeit (Z_ID,Z_Datum) values (872, date '2010-05-21');
insert into dwh.zeit (Z_ID,Z_Datum) values (873, date '2010-05-22');
insert into dwh.zeit (Z_ID,Z_Datum) values (874, date '2010-05-23');
insert into dwh.zeit (Z_ID,Z_Datum) values (875, date '2010-05-24');
insert into dwh.zeit (Z_ID,Z_Datum) values (876, date '2010-05-25');
insert into dwh.zeit (Z_ID,Z_Datum) values (877, date '2010-05-26');
insert into dwh.zeit (Z_ID,Z_Datum) values (878, date '2010-05-27');
insert into dwh.zeit (Z_ID,Z_Datum) values (879, date '2010-05-28');
insert into dwh.zeit (Z_ID,Z_Datum) values (880, date '2010-05-29');
insert into dwh.zeit (Z_ID,Z_Datum) values (881, date '2010-05-30');
insert into dwh.zeit (Z_ID,Z_Datum) values (882, date '2010-05-31');
insert into dwh.zeit (Z_ID,Z_Datum) values (883, date '2010-06-01');
insert into dwh.zeit (Z_ID,Z_Datum) values (884, date '2010-06-02');
insert into dwh.zeit (Z_ID,Z_Datum) values (885, date '2010-06-03');
insert into dwh.zeit (Z_ID,Z_Datum) values (886, date '2010-06-04');
insert into dwh.zeit (Z_ID,Z_Datum) values (887, date '2010-06-05');
insert into dwh.zeit (Z_ID,Z_Datum) values (888, date '2010-06-06');
insert into dwh.zeit (Z_ID,Z_Datum) values (889, date '2010-06-07');
insert into dwh.zeit (Z_ID,Z_Datum) values (890, date '2010-06-08');
insert into dwh.zeit (Z_ID,Z_Datum) values (891, date '2010-06-09');
insert into dwh.zeit (Z_ID,Z_Datum) values (892, date '2010-06-10');
insert into dwh.zeit (Z_ID,Z_Datum) values (893, date '2010-06-11');
insert into dwh.zeit (Z_ID,Z_Datum) values (894, date '2010-06-12');
insert into dwh.zeit (Z_ID,Z_Datum) values (895, date '2010-06-13');
insert into dwh.zeit (Z_ID,Z_Datum) values (896, date '2010-06-14');
insert into dwh.zeit (Z_ID,Z_Datum) values (897, date '2010-06-15');
insert into dwh.zeit (Z_ID,Z_Datum) values (898, date '2010-06-16');
insert into dwh.zeit (Z_ID,Z_Datum) values (899, date '2010-06-17');
insert into dwh.zeit (Z_ID,Z_Datum) values (900, date '2010-06-18');
insert into dwh.zeit (Z_ID,Z_Datum) values (901, date '2010-06-19');
insert into dwh.zeit (Z_ID,Z_Datum) values (902, date '2010-06-20');
insert into dwh.zeit (Z_ID,Z_Datum) values (903, date '2010-06-21');
insert into dwh.zeit (Z_ID,Z_Datum) values (904, date '2010-06-22');
insert into dwh.zeit (Z_ID,Z_Datum) values (905, date '2010-06-23');
insert into dwh.zeit (Z_ID,Z_Datum) values (906, date '2010-06-24');
insert into dwh.zeit (Z_ID,Z_Datum) values (907, date '2010-06-25');
insert into dwh.zeit (Z_ID,Z_Datum) values (908, date '2010-06-26');
insert into dwh.zeit (Z_ID,Z_Datum) values (909, date '2010-06-27');
insert into dwh.zeit (Z_ID,Z_Datum) values (910, date '2010-06-28');
insert into dwh.zeit (Z_ID,Z_Datum) values (911, date '2010-06-29');
insert into dwh.zeit (Z_ID,Z_Datum) values (912, date '2010-06-30');
insert into dwh.zeit (Z_ID,Z_Datum) values (913, date '2010-07-01');
insert into dwh.zeit (Z_ID,Z_Datum) values (914, date '2010-07-02');
insert into dwh.zeit (Z_ID,Z_Datum) values (915, date '2010-07-03');
insert into dwh.zeit (Z_ID,Z_Datum) values (916, date '2010-07-04');
insert into dwh.zeit (Z_ID,Z_Datum) values (917, date '2010-07-05');
insert into dwh.zeit (Z_ID,Z_Datum) values (918, date '2010-07-06');
insert into dwh.zeit (Z_ID,Z_Datum) values (919, date '2010-07-07');
insert into dwh.zeit (Z_ID,Z_Datum) values (920, date '2010-07-08');
insert into dwh.zeit (Z_ID,Z_Datum) values (921, date '2010-07-09');
insert into dwh.zeit (Z_ID,Z_Datum) values (922, date '2010-07-10');
insert into dwh.zeit (Z_ID,Z_Datum) values (923, date '2010-07-11');
insert into dwh.zeit (Z_ID,Z_Datum) values (924, date '2010-07-12');
insert into dwh.zeit (Z_ID,Z_Datum) values (925, date '2010-07-13');
insert into dwh.zeit (Z_ID,Z_Datum) values (926, date '2010-07-14');
insert into dwh.zeit (Z_ID,Z_Datum) values (927, date '2010-07-15');
insert into dwh.zeit (Z_ID,Z_Datum) values (928, date '2010-07-16');
insert into dwh.zeit (Z_ID,Z_Datum) values (929, date '2010-07-17');
insert into dwh.zeit (Z_ID,Z_Datum) values (930, date '2010-07-18');
insert into dwh.zeit (Z_ID,Z_Datum) values (931, date '2010-07-19');
insert into dwh.zeit (Z_ID,Z_Datum) values (932, date '2010-07-20');
insert into dwh.zeit (Z_ID,Z_Datum) values (933, date '2010-07-21');
insert into dwh.zeit (Z_ID,Z_Datum) values (934, date '2010-07-22');
insert into dwh.zeit (Z_ID,Z_Datum) values (935, date '2010-07-23');
insert into dwh.zeit (Z_ID,Z_Datum) values (936, date '2010-07-24');
insert into dwh.zeit (Z_ID,Z_Datum) values (937, date '2010-07-25');
insert into dwh.zeit (Z_ID,Z_Datum) values (938, date '2010-07-26');
insert into dwh.zeit (Z_ID,Z_Datum) values (939, date '2010-07-27');
insert into dwh.zeit (Z_ID,Z_Datum) values (940, date '2010-07-28');
insert into dwh.zeit (Z_ID,Z_Datum) values (941, date '2010-07-29');
insert into dwh.zeit (Z_ID,Z_Datum) values (942, date '2010-07-30');
insert into dwh.zeit (Z_ID,Z_Datum) values (943, date '2010-07-31');
insert into dwh.zeit (Z_ID,Z_Datum) values (944, date '2010-08-01');
insert into dwh.zeit (Z_ID,Z_Datum) values (945, date '2010-08-02');
insert into dwh.zeit (Z_ID,Z_Datum) values (946, date '2010-08-03');
insert into dwh.zeit (Z_ID,Z_Datum) values (947, date '2010-08-04');
insert into dwh.zeit (Z_ID,Z_Datum) values (948, date '2010-08-05');
insert into dwh.zeit (Z_ID,Z_Datum) values (949, date '2010-08-06');
insert into dwh.zeit (Z_ID,Z_Datum) values (950, date '2010-08-07');
insert into dwh.zeit (Z_ID,Z_Datum) values (951, date '2010-08-08');
insert into dwh.zeit (Z_ID,Z_Datum) values (952, date '2010-08-09');
insert into dwh.zeit (Z_ID,Z_Datum) values (953, date '2010-08-10');
insert into dwh.zeit (Z_ID,Z_Datum) values (954, date '2010-08-11');
insert into dwh.zeit (Z_ID,Z_Datum) values (955, date '2010-08-12');
insert into dwh.zeit (Z_ID,Z_Datum) values (956, date '2010-08-13');
insert into dwh.zeit (Z_ID,Z_Datum) values (957, date '2010-08-14');
insert into dwh.zeit (Z_ID,Z_Datum) values (958, date '2010-08-15');
insert into dwh.zeit (Z_ID,Z_Datum) values (959, date '2010-08-16');
insert into dwh.zeit (Z_ID,Z_Datum) values (960, date '2010-08-17');
insert into dwh.zeit (Z_ID,Z_Datum) values (961, date '2010-08-18');
insert into dwh.zeit (Z_ID,Z_Datum) values (962, date '2010-08-19');
insert into dwh.zeit (Z_ID,Z_Datum) values (963, date '2010-08-20');
insert into dwh.zeit (Z_ID,Z_Datum) values (964, date '2010-08-21');
insert into dwh.zeit (Z_ID,Z_Datum) values (965, date '2010-08-22');
insert into dwh.zeit (Z_ID,Z_Datum) values (966, date '2010-08-23');
insert into dwh.zeit (Z_ID,Z_Datum) values (967, date '2010-08-24');
insert into dwh.zeit (Z_ID,Z_Datum) values (968, date '2010-08-25');
insert into dwh.zeit (Z_ID,Z_Datum) values (969, date '2010-08-26');
insert into dwh.zeit (Z_ID,Z_Datum) values (970, date '2010-08-27');
insert into dwh.zeit (Z_ID,Z_Datum) values (971, date '2010-08-28');
insert into dwh.zeit (Z_ID,Z_Datum) values (972, date '2010-08-29');
insert into dwh.zeit (Z_ID,Z_Datum) values (973, date '2010-08-30');
insert into dwh.zeit (Z_ID,Z_Datum) values (974, date '2010-08-31');
insert into dwh.zeit (Z_ID,Z_Datum) values (975, date '2010-09-01');
insert into dwh.zeit (Z_ID,Z_Datum) values (976, date '2010-09-02');
insert into dwh.zeit (Z_ID,Z_Datum) values (977, date '2010-09-03');
insert into dwh.zeit (Z_ID,Z_Datum) values (978, date '2010-09-04');
insert into dwh.zeit (Z_ID,Z_Datum) values (979, date '2010-09-05');
insert into dwh.zeit (Z_ID,Z_Datum) values (980, date '2010-09-06');
insert into dwh.zeit (Z_ID,Z_Datum) values (981, date '2010-09-07');
insert into dwh.zeit (Z_ID,Z_Datum) values (982, date '2010-09-08');
insert into dwh.zeit (Z_ID,Z_Datum) values (983, date '2010-09-09');
insert into dwh.zeit (Z_ID,Z_Datum) values (984, date '2010-09-10');
insert into dwh.zeit (Z_ID,Z_Datum) values (985, date '2010-09-11');
insert into dwh.zeit (Z_ID,Z_Datum) values (986, date '2010-09-12');
insert into dwh.zeit (Z_ID,Z_Datum) values (987, date '2010-09-13');
insert into dwh.zeit (Z_ID,Z_Datum) values (988, date '2010-09-14');
insert into dwh.zeit (Z_ID,Z_Datum) values (989, date '2010-09-15');
insert into dwh.zeit (Z_ID,Z_Datum) values (990, date '2010-09-16');
insert into dwh.zeit (Z_ID,Z_Datum) values (991, date '2010-09-17');
insert into dwh.zeit (Z_ID,Z_Datum) values (992, date '2010-09-18');
insert into dwh.zeit (Z_ID,Z_Datum) values (993, date '2010-09-19');
insert into dwh.zeit (Z_ID,Z_Datum) values (994, date '2010-09-20');
insert into dwh.zeit (Z_ID,Z_Datum) values (995, date '2010-09-21');
insert into dwh.zeit (Z_ID,Z_Datum) values (996, date '2010-09-22');
insert into dwh.zeit (Z_ID,Z_Datum) values (997, date '2010-09-23');
insert into dwh.zeit (Z_ID,Z_Datum) values (998, date '2010-09-24');
insert into dwh.zeit (Z_ID,Z_Datum) values (999, date '2010-09-25');
insert into dwh.zeit (Z_ID,Z_Datum) values (1000, date '2010-09-26');
insert into dwh.zeit (Z_ID,Z_Datum) values (1001, date '2010-09-27');
insert into dwh.zeit (Z_ID,Z_Datum) values (1002, date '2010-09-28');
insert into dwh.zeit (Z_ID,Z_Datum) values (1003, date '2010-09-29');
insert into dwh.zeit (Z_ID,Z_Datum) values (1004, date '2010-09-30');
insert into dwh.zeit (Z_ID,Z_Datum) values (1005, date '2010-10-01');
insert into dwh.zeit (Z_ID,Z_Datum) values (1006, date '2010-10-02');
insert into dwh.zeit (Z_ID,Z_Datum) values (1007, date '2010-10-03');
insert into dwh.zeit (Z_ID,Z_Datum) values (1008, date '2010-10-04');
insert into dwh.zeit (Z_ID,Z_Datum) values (1009, date '2010-10-05');
insert into dwh.zeit (Z_ID,Z_Datum) values (1010, date '2010-10-06');
insert into dwh.zeit (Z_ID,Z_Datum) values (1011, date '2010-10-07');
insert into dwh.zeit (Z_ID,Z_Datum) values (1012, date '2010-10-08');
insert into dwh.zeit (Z_ID,Z_Datum) values (1013, date '2010-10-09');
insert into dwh.zeit (Z_ID,Z_Datum) values (1014, date '2010-10-10');
insert into dwh.zeit (Z_ID,Z_Datum) values (1015, date '2010-10-11');
insert into dwh.zeit (Z_ID,Z_Datum) values (1016, date '2010-10-12');
insert into dwh.zeit (Z_ID,Z_Datum) values (1017, date '2010-10-13');
insert into dwh.zeit (Z_ID,Z_Datum) values (1018, date '2010-10-14');
insert into dwh.zeit (Z_ID,Z_Datum) values (1019, date '2010-10-15');
insert into dwh.zeit (Z_ID,Z_Datum) values (1020, date '2010-10-16');
insert into dwh.zeit (Z_ID,Z_Datum) values (1021, date '2010-10-17');
insert into dwh.zeit (Z_ID,Z_Datum) values (1022, date '2010-10-18');
insert into dwh.zeit (Z_ID,Z_Datum) values (1023, date '2010-10-19');
insert into dwh.zeit (Z_ID,Z_Datum) values (1024, date '2010-10-20');
insert into dwh.zeit (Z_ID,Z_Datum) values (1025, date '2010-10-21');
insert into dwh.zeit (Z_ID,Z_Datum) values (1026, date '2010-10-22');
insert into dwh.zeit (Z_ID,Z_Datum) values (1027, date '2010-10-23');
insert into dwh.zeit (Z_ID,Z_Datum) values (1028, date '2010-10-24');
insert into dwh.zeit (Z_ID,Z_Datum) values (1029, date '2010-10-25');
insert into dwh.zeit (Z_ID,Z_Datum) values (1030, date '2010-10-26');
insert into dwh.zeit (Z_ID,Z_Datum) values (1031, date '2010-10-27');
insert into dwh.zeit (Z_ID,Z_Datum) values (1032, date '2010-10-28');
insert into dwh.zeit (Z_ID,Z_Datum) values (1033, date '2010-10-29');
insert into dwh.zeit (Z_ID,Z_Datum) values (1034, date '2010-10-30');
insert into dwh.zeit (Z_ID,Z_Datum) values (1035, date '2010-10-31');
insert into dwh.zeit (Z_ID,Z_Datum) values (1036, date '2010-11-01');
insert into dwh.zeit (Z_ID,Z_Datum) values (1037, date '2010-11-02');
insert into dwh.zeit (Z_ID,Z_Datum) values (1038, date '2010-11-03');
insert into dwh.zeit (Z_ID,Z_Datum) values (1039, date '2010-11-04');
insert into dwh.zeit (Z_ID,Z_Datum) values (1040, date '2010-11-05');
insert into dwh.zeit (Z_ID,Z_Datum) values (1041, date '2010-11-06');
insert into dwh.zeit (Z_ID,Z_Datum) values (1042, date '2010-11-07');
insert into dwh.zeit (Z_ID,Z_Datum) values (1043, date '2010-11-08');
insert into dwh.zeit (Z_ID,Z_Datum) values (1044, date '2010-11-09');
insert into dwh.zeit (Z_ID,Z_Datum) values (1045, date '2010-11-10');
insert into dwh.zeit (Z_ID,Z_Datum) values (1046, date '2010-11-11');
insert into dwh.zeit (Z_ID,Z_Datum) values (1047, date '2010-11-12');
insert into dwh.zeit (Z_ID,Z_Datum) values (1048, date '2010-11-13');
insert into dwh.zeit (Z_ID,Z_Datum) values (1049, date '2010-11-14');
insert into dwh.zeit (Z_ID,Z_Datum) values (1050, date '2010-11-15');
insert into dwh.zeit (Z_ID,Z_Datum) values (1051, date '2010-11-16');
insert into dwh.zeit (Z_ID,Z_Datum) values (1052, date '2010-11-17');
insert into dwh.zeit (Z_ID,Z_Datum) values (1053, date '2010-11-18');
insert into dwh.zeit (Z_ID,Z_Datum) values (1054, date '2010-11-19');
insert into dwh.zeit (Z_ID,Z_Datum) values (1055, date '2010-11-20');
insert into dwh.zeit (Z_ID,Z_Datum) values (1056, date '2010-11-21');
insert into dwh.zeit (Z_ID,Z_Datum) values (1057, date '2010-11-22');
insert into dwh.zeit (Z_ID,Z_Datum) values (1058, date '2010-11-23');
insert into dwh.zeit (Z_ID,Z_Datum) values (1059, date '2010-11-24');
insert into dwh.zeit (Z_ID,Z_Datum) values (1060, date '2010-11-25');
insert into dwh.zeit (Z_ID,Z_Datum) values (1061, date '2010-11-26');
insert into dwh.zeit (Z_ID,Z_Datum) values (1062, date '2010-11-27');
insert into dwh.zeit (Z_ID,Z_Datum) values (1063, date '2010-11-28');
insert into dwh.zeit (Z_ID,Z_Datum) values (1064, date '2010-11-29');
insert into dwh.zeit (Z_ID,Z_Datum) values (1065, date '2010-11-30');
insert into dwh.zeit (Z_ID,Z_Datum) values (1066, date '2010-12-01');
insert into dwh.zeit (Z_ID,Z_Datum) values (1067, date '2010-12-02');
insert into dwh.zeit (Z_ID,Z_Datum) values (1068, date '2010-12-03');
insert into dwh.zeit (Z_ID,Z_Datum) values (1069, date '2010-12-04');
insert into dwh.zeit (Z_ID,Z_Datum) values (1070, date '2010-12-05');
insert into dwh.zeit (Z_ID,Z_Datum) values (1071, date '2010-12-06');
insert into dwh.zeit (Z_ID,Z_Datum) values (1072, date '2010-12-07');
insert into dwh.zeit (Z_ID,Z_Datum) values (1073, date '2010-12-08');
insert into dwh.zeit (Z_ID,Z_Datum) values (1074, date '2010-12-09');
insert into dwh.zeit (Z_ID,Z_Datum) values (1075, date '2010-12-10');
insert into dwh.zeit (Z_ID,Z_Datum) values (1076, date '2010-12-11');
insert into dwh.zeit (Z_ID,Z_Datum) values (1077, date '2010-12-12');
insert into dwh.zeit (Z_ID,Z_Datum) values (1078, date '2010-12-13');
insert into dwh.zeit (Z_ID,Z_Datum) values (1079, date '2010-12-14');
insert into dwh.zeit (Z_ID,Z_Datum) values (1080, date '2010-12-15');
insert into dwh.zeit (Z_ID,Z_Datum) values (1081, date '2010-12-16');
insert into dwh.zeit (Z_ID,Z_Datum) values (1082, date '2010-12-17');
insert into dwh.zeit (Z_ID,Z_Datum) values (1083, date '2010-12-18');
insert into dwh.zeit (Z_ID,Z_Datum) values (1084, date '2010-12-19');
insert into dwh.zeit (Z_ID,Z_Datum) values (1085, date '2010-12-20');
insert into dwh.zeit (Z_ID,Z_Datum) values (1086, date '2010-12-21');
insert into dwh.zeit (Z_ID,Z_Datum) values (1087, date '2010-12-22');
insert into dwh.zeit (Z_ID,Z_Datum) values (1088, date '2010-12-23');
insert into dwh.zeit (Z_ID,Z_Datum) values (1089, date '2010-12-24');
insert into dwh.zeit (Z_ID,Z_Datum) values (1090, date '2010-12-25');
insert into dwh.zeit (Z_ID,Z_Datum) values (1091, date '2010-12-26');
insert into dwh.zeit (Z_ID,Z_Datum) values (1092, date '2010-12-27');
insert into dwh.zeit (Z_ID,Z_Datum) values (1093, date '2010-12-28');
insert into dwh.zeit (Z_ID,Z_Datum) values (1094, date '2010-12-29');
insert into dwh.zeit (Z_ID,Z_Datum) values (1095, date '2010-12-30');
insert into dwh.zeit (Z_ID,Z_Datum) values (1096, date '2010-12-31');

/*
 * P_AUFTRAG DONE
 * */
drop table dwh.p_auftrag cascade;

create table dwh.p_auftrag (
	a_id int primary key,
	a_auftragseingang_zeit date not null,
	a_fertigsstellung_zeit date not null,
	a_angebotspreis numeric (6,2),
	a_kunde_name varchar(30) not null,
	a_kunde_id numeric,
	a_auftragsart varchar(30),
	a_auftragskategorie varchar(30)
);

insert into dwh.p_auftrag (a_id,a_auftragseingang_zeit,a_fertigsstellung_zeit,a_angebotspreis, a_kunde_name,a_kunde_id, a_auftragsart, a_auftragskategorie) values 
(3001,date '2008-01-11', date '2008-01-22',700.8, 'Cuong',10101010,'Kontrolle','Service'),
(3002,date '2008-02-11', date '2008-02-15',1100.8, 'Robert',10101011,'Wartung','Service'),
(3003,date '2008-04-25', date '2008-04-30',198.0, 'Manuel',10101111,'Bau','Produktion'),
(3004,date '2008-04-12', date '2008-04-14',609.17, 'Christian',10101110,'Bau','Produktion'),
(3005,date '2008-05-10', date '2008-05-22',4250.0, 'Christoph',10101000,'Bau','Produktion'),
(3006,date '2008-05-17', date '2008-05-20',200.0, 'Sandra',10111111,'Kontrolle','Service'),
(3007,date '2008-05-30', date '2008-06-04',875.0, 'Kristin',10111110,'Bau','Produktion'),
(3008,date '2008-06-01', date '2008-06-07',425.0, 'Anna',10111100,'Kontrolle','Service'),
(3009,date '2008-06-03', date '2008-06-10',1020.0, 'Lora',10111000,'Wartung','Service'),
(3010,date '2008-06-10', date '2008-06-16',5020.0, 'Kerstin',10111010,'Bau','Produktion'),
(3011,date '2008-06-03', date '2008-06-10',100.15, 'Adam',10111001,'Kontrolle','Service'),
(3012,date '2008-06-14', date '2008-06-16',450.0, 'Timo',10110101,'Bau','Produktion'),
(3013,date '2008-06-28', date '2008-06-30',150.0, 'Tim',10110111,'Wartung','Service'),
(3014,date '2008-07-01', date '2008-07-05',320.0, 'Mark',01010101,'Kontrolle','Service'),
(3015,date '2008-08-05', date '2008-08-10',120.0, 'Torsten',01010111,'Wartung','Service'),
(3016,date '2008-09-12', date '2008-09-20',350.50, 'Beegie',01010110,'Bau','Produktion'),
(3017,date '2008-11-20', date '2008-11-25',1280.60, 'Viet',01010111,'Reparatur','Produktion'),
(3018,date '2008-11-26', date '2008-11-29',1789.4, 'Eva',01011111,'Wartung','Service'),
(3019,date '2008-07-31', date '2008-08-05',2400.6, 'Apple',01011110,'Kontrolle','Service'),
(3020,date '2009-01-11', date '2009-01-13',4020.8, 'Kaka',10101210,'Kontrolle','Service'),
(3021,date '2009-02-11', date '2009-02-15',650.8, 'Tim',10121011,'Wartung','Service'),
(3022,date '2009-04-25', date '2009-04-25',2559.0, 'Lily',10102111,'Bau','Produktion'),
(3023,date '2009-04-12', date '2009-04-14',629.17, 'Ben',20101110,'Bau','Produktion'),
(3024,date '2009-05-10', date '2009-05-22',978.0, 'Jack',20101000,'Bau','Produktion'),
(3025,date '2009-05-17', date '2009-05-20',2220.0, 'Hailidao',10112111,'Kontrolle','Service'),
(3026,date '2009-05-30', date '2009-06-04',825.0, 'Qin',10121110,'Bau','Produktion'),
(3027,date '2009-06-01', date '2009-06-07',425.0, 'Ning',10111120,'Kontrolle','Service'),
(3028,date '2009-07-03', date '2009-07-10',4279.0, 'Lauren',10111200,'Wartung','Service'),
(3029,date '2009-06-10', date '2009-06-16',1522.0, 'Oppo',10211010,'Bau','Produktion'),
(3030,date '2009-08-03', date '2009-08-10',3270.15, 'Maybe',10111201,'Kontrolle','Service'),
(3031,date '2009-06-14', date '2009-06-16',420.0, 'Jimmy',10110121,'Bau','Produktion'),
(3032,date '2009-11-28', date '2009-11-30',120.0, 'Tommy',10110112,'Wartung','Service'),
(3033,date '2009-07-01', date '2009-07-05',320.0, 'Marc',01010121,'Kontrolle','Service'),
(3034,date '2009-10-05', date '2009-10-10',120.0, 'Qui',01010121,'Wartung','Service'),
(3035,date '2009-10-12', date '2009-10-20',3200.50, 'Jorg',01012110,'Bau','Produktion'),
(3036,date '2009-12-20', date '2009-12-25',4200.60, 'Anonym',01012111,'Reparatur','Produktion'),
(3037,date '2009-12-26', date '2009-12-29',620.4, 'Hacker',01011121,'Wartung','Service'),
(3038,date '2009-07-31', date '2009-08-05',1220.6, 'Jenny',01011120,'Kontrolle','Service'),
(3040,date '2010-01-11', date '2010-01-13',340.8, 'Kiki',10101340,'Kontrolle','Service'),
(3041,date '2010-02-11', date '2010-02-15',3431.8, 'Apple',10134011,'Wartung','Service'),
(3042,date '2010-04-20', date '2010-04-25',328.0, 'Loren',10102321,'Bau','Produktion'),
(3043,date '2010-04-12', date '2010-04-14',329.17, 'Cuong',20101320,'Bau','Produktion'),
(3044,date '2010-05-10', date '2010-05-22',3250.0, 'Henry',20103200,'Bau','Produktion'),
(3045,date '2010-05-17', date '2010-05-20',320.0, 'Hotpot',13212111,'Kontrolle','Service'),
(3046,date '2010-05-30', date '2010-06-04',715.0, 'Tim',10121124,'Bau','Produktion'),
(3047,date '2010-06-01', date '2010-06-07',265.0, 'Jay',10111240,'Kontrolle','Service'),
(3048,date '2010-07-03', date '2010-07-10',2420.0, 'Lauren',10241200,'Wartung','Service'),
(3049,date '2010-06-10', date '2010-06-16',3420.0, 'Hacker',10213410,'Bau','Produktion'),
(3050,date '2010-08-03', date '2010-08-10',340.15, 'Karen',10134201,'Kontrolle','Service'),
(3051,date '2010-06-14', date '2010-06-16',340.0, 'Victory',10113421,'Bau','Produktion'),
(3052,date '2010-11-28', date '2010-11-30',140.0, 'Duc',10113412,'Wartung','Service'),
(3053,date '2010-07-01', date '2010-07-05',340.0, 'Macy',01010341,'Kontrolle','Service'),
(3054,date '2010-10-05', date '2010-10-10',740.0, 'Quin',01010341,'Wartung','Service'),
(3055,date '2010-10-12', date '2010-10-20',2400.50, 'Cuong',01034110,'Bau','Produktion'),
(3056,date '2010-12-20', date '2010-12-25',1500.60, 'Tommy',03412111,'Reparatur','Produktion'),
(3057,date '2010-12-26', date '2010-12-29',540.4, 'Hacker',01034121,'Wartung','Service'),
(3058,date '2010-07-31', date '2010-08-05',640.6, 'Jeff',01013420,'Kontrolle','Service');
/*
* P_MATERIAL DONE
*/

insert into dwh.p_material (m_id, m_bezeichnung, m_kosten, m_lieferant, m_lieferant_filiale, m_lieferant_stadt,m_lieferant_bundesland) values 
	(2101,'reife',100.29,'knig','Michi Autowerkzeug', 'Eisenach','Thringen'),
	(2102,'reife',230,'michelin','Die Werkstatt Erfurt', 'Erfurt','Thringen'),
	(2201,'wasserpumpe',790,'Volvo','Die Werkstatt Erfurt', 'Erfurt','Thringen'),
	(2301,'thermostat',250,'Astra','Die Werkstatt Erfurt', 'Erfurt','Thringen'),
	(2302,'thermostat',400,'Avia','Die Werkstatt Erfurt', 'Erfurt','Thringen'),
	(2401,'Keilrippenriemen',2300,'BMW','Die Werkstatt Erfurt', 'Erfurt','Thringen'),
	(2402,'Keilrippenriemen',2500,'MERC','Michi Autowerkzeug', 'Eisenach','Thringen'),
	(2501,'Luftfilter',500,'NISSAN','Michi Autowerkzeug', 'Eisenach','Thringen'),
	(2502,'Luftfilter',700,'FORD','Michi Autowerkzeug', 'Eisenach','Thringen'),
	(2601,'Lenkungsdaempfer',234,'SACHS','Michi Autowerkzeug', 'Eisenach','Thringen'),
	(2602,'Lenkungsdaempfer',378,'KONI','Die Werkstatt Erfurt', 'Erfurt','Thringen'),
	(2603,'Lenkungsdaempfer',214.12,'FEBI','Die Werkstatt Erfurt', 'Erfurt','Thringen'),
	(2604,'Spurstangenkopf',16.6,'FEBI','Die Werkstatt Erfurt', 'Erfurt','Thringen'),
	(2605,'Spurstangenkopf',13.33,'SWAG','Michi Autowerkzeug', 'Eisenach','Thringen'),
	(2606,'Spurstangenkopf',6.75,'RIDEX','Michi Autowerkzeug', 'Eisenach','Thringen'), 
	(2701,'Harnstofffilter',26.33,'MANN-FILTER','Die Werkstatt Erfurt', 'Erfurt','Thringen'),
	(2702,'Harnstofffilter',22.46,'BOSCH','Michi Autowerkzeug', 'Eisenach','Thringen'),
	(2703,'Lambdasonde',90.1,'BOSCH','Michi Autowerkzeug', 'Eisenach','Thringen'),
	(2704,'Lambdasonde',32.3,'STARK','Michi Autowerkzeug', 'Eisenach','Thringen'),
	(2801,'Kuehlmitteltemperatur',16.66,'BOSCH','Michi Autowerkzeug', 'Eisenach','Thringen'),
	(2802,'Frostschutz',29.78,'VAICO','Die Werkstatt Erfurt', 'Erfurt','Thringen'),
	(2803,'Kupplung',675.23,'PRASCO','Michi Autowerkzeug', 'Eisenach','Thringen'),
	(2804,'Kupplung',112.07,'DT','Die Werkstatt Erfurt', 'Erfurt','Thringen'),
	(2805,'Kupplung',385.31,'AUGER','Die Werkstatt Erfurt', 'Erfurt','Thringen'),
	(2806,'Kupplung',195.87,'NRF','Die Werkstatt Erfurt', 'Erfurt','Thringen'),
	(2807,'Kupplung',67.23,'SWAG','Michi Autowerkzeug', 'Eisenach','Thringen'),
	(2901,'Gaszug',47,'SIEGEL','Die Werkstatt Erfurt', 'Erfurt','Thringen'),
	(2902,'Gaszug',86.63,'DT','Michi Autowerkzeug', 'Eisenach','Thringen'),
	(2903,'Gaszug',94.06,'DT','Michi Autowerkzeug', 'Eisenach','Thringen'),
	(2904,'Oelkuehler',9.18,'ELRING','Die Werkstatt Erfurt', 'Erfurt','Thringen'),
	(2905,'Oelkuehler',43.81,'NISSENS','Michi Autowerkzeug', 'Eisenach','Thringen'),
	(2906,'Oelkuehler',167.69,'MAHLE','Die Werkstatt Erfurt', 'Erfurt','Thringen'),
	(2907,'Dichtungssatz',31.69,'GOETZE','Michi Autowerkzeug', 'Eisenach','Thringen'),
	(2908,'Dichtungssatz',33.41,'PETERS','Die Werkstatt Erfurt', 'Erfurt','Thringen');
/*
 * P_PRODUKT DONE
 */
drop table dwh.p_produkt cascade;
create table dwh.p_produkt (
	p_id int primary key,
	p_name varchar(30) not null,
	p_produktgruppe varchar(30),
	p_produktkategorie varchar(30)
);

select * from dwh.p_produkt pp;

insert into dwh.p_produkt (p_id, p_name, p_produktgruppe, p_produktkategorie) values 
 (4001, 'Motor VW', 'drehstrommotor','generator'),
 (4002, 'Motor BMW', 'gleichstrom','elektromotor'),
 (4003, 'Motor Opel', 'gleichstrom','elektromotor'),
 (4004, 'Motor ABB', 'drehstrommotor','generator'),
 (4005, 'Motor Merc', 'gleichstrom','elektromotor'),
 (4006, 'Motor Ford', 'drehstrommotor','generator'),
 (4007, 'Motor Toyota', 'gleichstrom','elektromotor'),
 (4008, 'Motor Honda', 'drehstrommotor','generator'),
 (4009, 'Motor Audi', 'drehstrommotor','generator'),
 (4010, 'Motor GM', 'gleichstrom','elektromotor'),
 (4011, 'Motor Audi BVY', 'gleichstrom','elektromotor'),
 (4012, 'Motor BMW N63', 'drehstrommotor','generator'),
 (4013, 'Motor Ford M1DA', 'drehstrommotor','generator'),
 (4014, 'Motor Mercedes 276', 'gleichstrom','elektromotor'),
 (4015, 'Motor Lexus RX', 'gleichstrom','elektromotor'),
 (4016, 'Motor VW Transporter', 'gleichstrom','elektromotor'),
 (4017, 'Motor Porsche Boxster', 'drehstrommotor','generator'),
 (4018, 'Motor VW Passat', 'drehstrommotor','generator'),
 (4019, 'Motor Audi A6', 'gleichstrom','elektromotor'),
 (4020, 'Motor Jaguar F-Pace', 'gleichstrom','elektromotor');

/* DWH-FAKT */ 
drop table dwh.dwh_fakt cascade;
create table dwh.dwh_fakt (
	d_auftrag_id int references dwh.p_auftrag(a_id),
	d_zeit_id int references dwh.zeit(z_id),
	d_material_anzahl integer,
	d_arbeitsschritte integer,
	d_arbeitskosten numeric (6,2),
	d_material_id int references dwh.p_material(m_id),
	d_produkt_id int references dwh.p_produkt(p_id),
	primary key (d_auftrag_id,d_zeit_id,d_material_id,d_produkt_id)
);


insert into dwh.dwh_fakt (d_auftrag_id, d_zeit_id,d_material_anzahl,d_arbeitsschritte,d_arbeitskosten,d_material_id,d_produkt_id) values 
(3001,22,4,4,45,2101,4001),
(3002,46,1,6,70,2502,4002),
(3003,121,2,5,48,2302,4018),
(3004,150,1,8,85,2704,4012),
(3005,143,1,8,75, 2401,4018), 
(3006,142,0,3,35,2902,4007),
(3007,156,1,6,85,2701,4008),
(3008,159,0,4,45,2102,4010),
(3009,162,1,3,45,2702,4003),
(3010,168,1,12,65,2402,4020),
(3011,162,0,5,35,2201,4013),
(3012,168,1,7,65,2605,4014),
(3013,182,0,4,55,2302,4015),
(3014,187,2,8,45,2703,4017),
(3015,223,0,4,35,2301,4006),
(3016,264,2,8,65,2907,4020),
(3017,330,1,10,75,2906,4011),
(3018,334,3,14,85,2302,4012),
(3019,218,1,5,35,2401,4007),
(3020,379,1,4,50,2402,4011),
(3021,412,2,12,65,2606,4004),
(3022,481,1,6,75,2401,4005), 
(3023,470,1,8,65,2703,4010), 
(3024,508,1,9,85.50,2102,4011), 
(3025,506,0,4,45,2201,4004), 
(3026,521,1,7,86,2602,4005), 
(3027,524,1,8,57,2702,4006),
(3028,557,1,7,83,2402,4014), 
(3029,533,1,14,85, 2101,4007), 
(3030,588,0,5,80,2401,4009), 
(3031,533,1,9,38, 2501,4018), 
(3032,700,0,4,35, 2902,4020), 
(3033,552,1,5,65,2703,4001),
(3034,649,0,2,35,2801, 4009),
(3035,659,1,8,59,2402,4017), 
(3036,725,1,9,72,2401, 4006),
(3037,729,2,6,55,2704,4009), 
(3038,583,1,5,42,2201,4010), 
(3040,744,1,4,43,2806,4012),
(3041,777,1,12,60.80,2401,4014),
(3042,846,4,5,45,2702,4005), 
(3043,835,1,5,30,2101,4008), 
(3044,873,1,8,82.70,2401,4016), 
(3045,871,1,4,35,2102,4017), 
(3046,886,1,6,84, 2603,4007),
(3047,889,2,4,30, 2901,4011), 
(3048,992,1,8,75,2201,4004), 
(3049,898,1, 8,85, 2402, 4012), 
(3050,953,2, 5, 45.50, 2703, 4013), 
(3051,898,1, 4, 36, 2906, 4014), 
(3052,1065,1, 2, 25, 2602, 4006), 
(3053,917,1, 5, 35, 2807, 4008),
(3054,1014,1, 5, 65, 2102,4016), 
(3055,1024,3, 9, 90, 2502, 4004), 
(3056,1090, 1, 7, 87, 2201, 4005), 
(3057,1094,3, 6, 58, 2902, 4018), 
(3058,948,1, 5,78,2804,4020);

commit;
